Dataset,Window,Phase,N_Simul,Count,Pct,N_Total
SG_Total,1,Conjunction,0,247018,96.1818,256824
SG_Total,1,Opposition,0,246960,96.1592,256824
SG_Total,1,Conjunction,1,9614,3.7434,256824
SG_Total,1,Opposition,1,9701,3.7773,256824
SG_Total,1,Conjunction,2,190,0.074,256824
SG_Total,1,Opposition,2,162,0.0631,256824
SG_Total,1,Conjunction,3,2,0.0008,256824
SG_Total,1,Opposition,3,1,0.0004,256824
SG_Total,1,Conjunction,4,0,0.0,256824
SG_Total,1,Opposition,4,0,0.0,256824
SG_Total,1,Conjunction,5,0,0.0,256824
SG_Total,1,Opposition,5,0,0.0,256824
SG_Total,1,Conjunction,6,0,0.0,256824
SG_Total,1,Opposition,6,0,0.0,256824
SG_Total,1,Conjunction,7,0,0.0,256824
SG_Total,1,Opposition,7,0,0.0,256824
SG_Total,2,Conjunction,0,237575,92.505,256824
SG_Total,2,Opposition,0,237245,92.3765,256824
SG_Total,2,Conjunction,1,18511,7.2077,256824
SG_Total,2,Opposition,1,18890,7.3552,256824
SG_Total,2,Conjunction,2,726,0.2827,256824
SG_Total,2,Opposition,2,677,0.2636,256824
SG_Total,2,Conjunction,3,12,0.0047,256824
SG_Total,2,Opposition,3,12,0.0047,256824
SG_Total,2,Conjunction,4,0,0.0,256824
SG_Total,2,Opposition,4,0,0.0,256824
SG_Total,2,Conjunction,5,0,0.0,256824
SG_Total,2,Opposition,5,0,0.0,256824
SG_Total,2,Conjunction,6,0,0.0,256824
SG_Total,2,Opposition,6,0,0.0,256824
SG_Total,2,Conjunction,7,0,0.0,256824
SG_Total,2,Opposition,7,0,0.0,256824
SG_Total,3,Conjunction,0,228424,88.9418,256824
SG_Total,3,Opposition,0,228165,88.841,256824
SG_Total,3,Conjunction,1,26837,10.4496,256824
SG_Total,3,Opposition,1,27141,10.5679,256824
SG_Total,3,Conjunction,2,1514,0.5895,256824
SG_Total,3,Opposition,2,1476,0.5747,256824
SG_Total,3,Conjunction,3,49,0.0191,256824
SG_Total,3,Opposition,3,42,0.0164,256824
SG_Total,3,Conjunction,4,0,0.0,256824
SG_Total,3,Opposition,4,0,0.0,256824
SG_Total,3,Conjunction,5,0,0.0,256824
SG_Total,3,Opposition,5,0,0.0,256824
SG_Total,3,Conjunction,6,0,0.0,256824
SG_Total,3,Opposition,6,0,0.0,256824
SG_Total,3,Conjunction,7,0,0.0,256824
SG_Total,3,Opposition,7,0,0.0,256824
SG_Total,4,Conjunction,0,219580,85.4982,256824
SG_Total,4,Opposition,0,219399,85.4278,256824
SG_Total,4,Conjunction,1,34603,13.4734,256824
SG_Total,4,Opposition,1,34798,13.5494,256824
SG_Total,4,Conjunction,2,2511,0.9777,256824
SG_Total,4,Opposition,2,2526,0.9836,256824
SG_Total,4,Conjunction,3,130,0.0506,256824
SG_Total,4,Opposition,3,101,0.0393,256824
SG_Total,4,Conjunction,4,0,0.0,256824
SG_Total,4,Opposition,4,0,0.0,256824
SG_Total,4,Conjunction,5,0,0.0,256824
SG_Total,4,Opposition,5,0,0.0,256824
SG_Total,4,Conjunction,6,0,0.0,256824
SG_Total,4,Opposition,6,0,0.0,256824
SG_Total,4,Conjunction,7,0,0.0,256824
SG_Total,4,Opposition,7,0,0.0,256824
SG_Total,5,Conjunction,0,211166,82.2221,256824
SG_Total,5,Opposition,0,210844,82.0967,256824
SG_Total,5,Conjunction,1,41676,16.2275,256824
SG_Total,5,Opposition,1,41971,16.3423,256824
SG_Total,5,Conjunction,2,3737,1.4551,256824
SG_Total,5,Opposition,2,3840,1.4952,256824
SG_Total,5,Conjunction,3,240,0.0934,256824
SG_Total,5,Opposition,3,165,0.0642,256824
SG_Total,5,Conjunction,4,5,0.0019,256824
SG_Total,5,Opposition,4,4,0.0016,256824
SG_Total,5,Conjunction,5,0,0.0,256824
SG_Total,5,Opposition,5,0,0.0,256824
SG_Total,5,Conjunction,6,0,0.0,256824
SG_Total,5,Opposition,6,0,0.0,256824
SG_Total,5,Conjunction,7,0,0.0,256824
SG_Total,5,Opposition,7,0,0.0,256824
SG_Total,6,Conjunction,0,202906,79.0059,256824
SG_Total,6,Opposition,0,202605,78.8887,256824
SG_Total,6,Conjunction,1,48271,18.7954,256824
SG_Total,6,Opposition,1,48585,18.9176,256824
SG_Total,6,Conjunction,2,5227,2.0352,256824
SG_Total,6,Opposition,2,5297,2.0625,256824
SG_Total,6,Conjunction,3,405,0.1577,256824
SG_Total,6,Opposition,3,322,0.1254,256824
SG_Total,6,Conjunction,4,15,0.0058,256824
SG_Total,6,Opposition,4,15,0.0058,256824
SG_Total,6,Conjunction,5,0,0.0,256824
SG_Total,6,Opposition,5,0,0.0,256824
SG_Total,6,Conjunction,6,0,0.0,256824
SG_Total,6,Opposition,6,0,0.0,256824
SG_Total,6,Conjunction,7,0,0.0,256824
SG_Total,6,Opposition,7,0,0.0,256824
SG_Total,7,Conjunction,0,194979,75.9193,256824
SG_Total,7,Opposition,0,194820,75.8574,256824
SG_Total,7,Conjunction,1,54403,21.183,256824
SG_Total,7,Opposition,1,54498,21.22,256824
SG_Total,7,Conjunction,2,6830,2.6594,256824
SG_Total,7,Opposition,2,6942,2.703,256824
SG_Total,7,Conjunction,3,586,0.2282,256824
SG_Total,7,Opposition,3,532,0.2071,256824
SG_Total,7,Conjunction,4,26,0.0101,256824
SG_Total,7,Opposition,4,32,0.0125,256824
SG_Total,7,Conjunction,5,0,0.0,256824
SG_Total,7,Opposition,5,0,0.0,256824
SG_Total,7,Conjunction,6,0,0.0,256824
SG_Total,7,Opposition,6,0,0.0,256824
SG_Total,7,Conjunction,7,0,0.0,256824
SG_Total,7,Opposition,7,0,0.0,256824
SG_Total,8,Conjunction,0,187343,72.9461,256824
SG_Total,8,Opposition,0,187131,72.8635,256824
SG_Total,8,Conjunction,1,60001,23.3627,256824
SG_Total,8,Opposition,1,60113,23.4063,256824
SG_Total,8,Conjunction,2,8547,3.328,256824
SG_Total,8,Opposition,2,8774,3.4163,256824
SG_Total,8,Conjunction,3,888,0.3458,256824
SG_Total,8,Opposition,3,766,0.2983,256824
SG_Total,8,Conjunction,4,45,0.0175,256824
SG_Total,8,Opposition,4,39,0.0152,256824
SG_Total,8,Conjunction,5,0,0.0,256824
SG_Total,8,Opposition,5,1,0.0004,256824
SG_Total,8,Conjunction,6,0,0.0,256824
SG_Total,8,Opposition,6,0,0.0,256824
SG_Total,8,Conjunction,7,0,0.0,256824
SG_Total,8,Opposition,7,0,0.0,256824
SG_Total,9,Conjunction,0,179874,70.0378,256824
SG_Total,9,Opposition,0,179779,70.0009,256824
SG_Total,9,Conjunction,1,65223,25.396,256824
SG_Total,9,Opposition,1,65168,25.3746,256824
SG_Total,9,Conjunction,2,10458,4.072,256824
SG_Total,9,Opposition,2,10768,4.1928,256824
SG_Total,9,Conjunction,3,1202,0.468,256824
SG_Total,9,Opposition,3,1044,0.4065,256824
SG_Total,9,Conjunction,4,67,0.0261,256824
SG_Total,9,Opposition,4,64,0.0249,256824
SG_Total,9,Conjunction,5,0,0.0,256824
SG_Total,9,Opposition,5,1,0.0004,256824
SG_Total,9,Conjunction,6,0,0.0,256824
SG_Total,9,Opposition,6,0,0.0,256824
SG_Total,9,Conjunction,7,0,0.0,256824
SG_Total,9,Opposition,7,0,0.0,256824
SG_Total,10,Conjunction,0,172803,67.2846,256824
SG_Total,10,Opposition,0,172520,67.1744,256824
SG_Total,10,Conjunction,1,69863,27.2027,256824
SG_Total,10,Opposition,1,70048,27.2747,256824
SG_Total,10,Conjunction,2,12451,4.8481,256824
SG_Total,10,Opposition,2,12768,4.9715,256824
SG_Total,10,Conjunction,3,1602,0.6238,256824
SG_Total,10,Opposition,3,1393,0.5424,256824
SG_Total,10,Conjunction,4,103,0.0401,256824
SG_Total,10,Opposition,4,92,0.0358,256824
SG_Total,10,Conjunction,5,2,0.0008,256824
SG_Total,10,Opposition,5,3,0.0012,256824
SG_Total,10,Conjunction,6,0,0.0,256824
SG_Total,10,Opposition,6,0,0.0,256824
SG_Total,10,Conjunction,7,0,0.0,256824
SG_Total,10,Opposition,7,0,0.0,256824
SG_Total,11,Conjunction,0,165981,64.6283,256824
SG_Total,11,Opposition,0,165676,64.5095,256824
SG_Total,11,Conjunction,1,74097,28.8513,256824
SG_Total,11,Opposition,1,74170,28.8797,256824
SG_Total,11,Conjunction,2,14532,5.6583,256824
SG_Total,11,Opposition,2,15047,5.8589,256824
SG_Total,11,Conjunction,3,2061,0.8025,256824
SG_Total,11,Opposition,3,1785,0.695,256824
SG_Total,11,Conjunction,4,149,0.058,256824
SG_Total,11,Opposition,4,142,0.0553,256824
SG_Total,11,Conjunction,5,4,0.0016,256824
SG_Total,11,Opposition,5,4,0.0016,256824
SG_Total,11,Conjunction,6,0,0.0,256824
SG_Total,11,Opposition,6,0,0.0,256824
SG_Total,11,Conjunction,7,0,0.0,256824
SG_Total,11,Opposition,7,0,0.0,256824
SG_Total,12,Conjunction,0,159420,62.0736,256824
SG_Total,12,Opposition,0,158852,61.8525,256824
SG_Total,12,Conjunction,1,77972,30.3601,256824
SG_Total,12,Opposition,1,78191,30.4454,256824
SG_Total,12,Conjunction,2,16610,6.4675,256824
SG_Total,12,Opposition,2,17320,6.7439,256824
SG_Total,12,Conjunction,3,2607,1.0151,256824
SG_Total,12,Opposition,3,2263,0.8811,256824
SG_Total,12,Conjunction,4,207,0.0806,256824
SG_Total,12,Opposition,4,193,0.0751,256824
SG_Total,12,Conjunction,5,8,0.0031,256824
SG_Total,12,Opposition,5,5,0.0019,256824
SG_Total,12,Conjunction,6,0,0.0,256824
SG_Total,12,Opposition,6,0,0.0,256824
SG_Total,12,Conjunction,7,0,0.0,256824
SG_Total,12,Opposition,7,0,0.0,256824
SG_Total,13,Conjunction,0,153074,59.6027,256824
SG_Total,13,Opposition,0,152525,59.3889,256824
SG_Total,13,Conjunction,1,81388,31.6902,256824
SG_Total,13,Opposition,1,81619,31.7801,256824
SG_Total,13,Conjunction,2,18858,7.3428,256824
SG_Total,13,Opposition,2,19604,7.6332,256824
SG_Total,13,Conjunction,3,3206,1.2483,256824
SG_Total,13,Opposition,3,2808,1.0934,256824
SG_Total,13,Conjunction,4,284,0.1106,256824
SG_Total,13,Opposition,4,261,0.1016,256824
SG_Total,13,Conjunction,5,14,0.0055,256824
SG_Total,13,Opposition,5,7,0.0027,256824
SG_Total,13,Conjunction,6,0,0.0,256824
SG_Total,13,Opposition,6,0,0.0,256824
SG_Total,13,Conjunction,7,0,0.0,256824
SG_Total,13,Opposition,7,0,0.0,256824
SG_Total,14,Conjunction,0,146765,57.1461,256824
SG_Total,14,Opposition,0,146363,56.9896,256824
SG_Total,14,Conjunction,1,84694,32.9774,256824
SG_Total,14,Opposition,1,84687,32.9747,256824
SG_Total,14,Conjunction,2,21114,8.2212,256824
SG_Total,14,Opposition,2,21982,8.5592,256824
SG_Total,14,Conjunction,3,3854,1.5006,256824
SG_Total,14,Opposition,3,3413,1.3289,256824
SG_Total,14,Conjunction,4,371,0.1445,256824
SG_Total,14,Opposition,4,364,0.1417,256824
SG_Total,14,Conjunction,5,26,0.0101,256824
SG_Total,14,Opposition,5,15,0.0058,256824
SG_Total,14,Conjunction,6,0,0.0,256824
SG_Total,14,Opposition,6,0,0.0,256824
SG_Total,14,Conjunction,7,0,0.0,256824
SG_Total,14,Opposition,7,0,0.0,256824
SG_Total,15,Conjunction,0,140971,54.8901,256824
SG_Total,15,Opposition,0,140350,54.6483,256824
SG_Total,15,Conjunction,1,87366,34.0178,256824
SG_Total,15,Opposition,1,87456,34.0529,256824
SG_Total,15,Conjunction,2,23352,9.0926,256824
SG_Total,15,Opposition,2,24496,9.538,256824
SG_Total,15,Conjunction,3,4601,1.7915,256824
SG_Total,15,Opposition,3,4053,1.5781,256824
SG_Total,15,Conjunction,4,499,0.1943,256824
SG_Total,15,Opposition,4,450,0.1752,256824
SG_Total,15,Conjunction,5,35,0.0136,256824
SG_Total,15,Opposition,5,19,0.0074,256824
SG_Total,15,Conjunction,6,0,0.0,256824
SG_Total,15,Opposition,6,0,0.0,256824
SG_Total,15,Conjunction,7,0,0.0,256824
SG_Total,15,Opposition,7,0,0.0,256824
SG_Total,16,Conjunction,0,135407,52.7237,256824
SG_Total,16,Opposition,0,134649,52.4285,256824
SG_Total,16,Conjunction,1,89627,34.8982,256824
SG_Total,16,Opposition,1,89889,35.0002,256824
SG_Total,16,Conjunction,2,25749,10.0259,256824
SG_Total,16,Opposition,2,26945,10.4916,256824
SG_Total,16,Conjunction,3,5371,2.0913,256824
SG_Total,16,Opposition,3,4748,1.8487,256824
SG_Total,16,Conjunction,4,624,0.243,256824
SG_Total,16,Opposition,4,563,0.2192,256824
SG_Total,16,Conjunction,5,45,0.0175,256824
SG_Total,16,Opposition,5,30,0.0117,256824
SG_Total,16,Conjunction,6,1,0.0004,256824
SG_Total,16,Opposition,6,0,0.0,256824
SG_Total,16,Conjunction,7,0,0.0,256824
SG_Total,16,Opposition,7,0,0.0,256824
SG_Total,17,Conjunction,0,129958,50.602,256824
SG_Total,17,Opposition,0,129181,50.2994,256824
SG_Total,17,Conjunction,1,91727,35.7159,256824
SG_Total,17,Opposition,1,91882,35.7763,256824
SG_Total,17,Conjunction,2,28163,10.9659,256824
SG_Total,17,Opposition,2,29516,11.4927,256824
SG_Total,17,Conjunction,3,6137,2.3896,256824
SG_Total,17,Opposition,3,5492,2.1384,256824
SG_Total,17,Conjunction,4,777,0.3025,256824
SG_Total,17,Opposition,4,716,0.2788,256824
SG_Total,17,Conjunction,5,61,0.0238,256824
SG_Total,17,Opposition,5,37,0.0144,256824
SG_Total,17,Conjunction,6,1,0.0004,256824
SG_Total,17,Opposition,6,0,0.0,256824
SG_Total,17,Conjunction,7,0,0.0,256824
SG_Total,17,Opposition,7,0,0.0,256824
SG_Total,18,Conjunction,0,124556,48.4986,256824
SG_Total,18,Opposition,0,123876,48.2338,256824
SG_Total,18,Conjunction,1,93682,36.4771,256824
SG_Total,18,Opposition,1,93634,36.4584,256824
SG_Total,18,Conjunction,2,30544,11.893,256824
SG_Total,18,Opposition,2,32098,12.4981,256824
SG_Total,18,Conjunction,3,7031,2.7377,256824
SG_Total,18,Opposition,3,6280,2.4453,256824
SG_Total,18,Conjunction,4,930,0.3621,256824
SG_Total,18,Opposition,4,886,0.345,256824
SG_Total,18,Conjunction,5,80,0.0311,256824
SG_Total,18,Opposition,5,50,0.0195,256824
SG_Total,18,Conjunction,6,1,0.0004,256824
SG_Total,18,Opposition,6,0,0.0,256824
SG_Total,18,Conjunction,7,0,0.0,256824
SG_Total,18,Opposition,7,0,0.0,256824
SG_Total,19,Conjunction,0,119650,46.5883,256824
SG_Total,19,Opposition,0,118787,46.2523,256824
SG_Total,19,Conjunction,1,94941,36.9673,256824
SG_Total,19,Opposition,1,95183,37.0616,256824
SG_Total,19,Conjunction,2,33014,12.8547,256824
SG_Total,19,Opposition,2,34505,13.4353,256824
SG_Total,19,Conjunction,3,8006,3.1173,256824
SG_Total,19,Opposition,3,7218,2.8105,256824
SG_Total,19,Conjunction,4,1107,0.431,256824
SG_Total,19,Opposition,4,1067,0.4155,256824
SG_Total,19,Conjunction,5,104,0.0405,256824
SG_Total,19,Opposition,5,64,0.0249,256824
SG_Total,19,Conjunction,6,2,0.0008,256824
SG_Total,19,Opposition,6,0,0.0,256824
SG_Total,19,Conjunction,7,0,0.0,256824
SG_Total,19,Opposition,7,0,0.0,256824
SG_Total,20,Conjunction,0,114782,44.6929,256824
SG_Total,20,Opposition,0,114003,44.3895,256824
SG_Total,20,Conjunction,1,96220,37.4653,256824
SG_Total,20,Opposition,1,96214,37.463,256824
SG_Total,20,Conjunction,2,35396,13.7822,256824
SG_Total,20,Opposition,2,37057,14.4289,256824
SG_Total,20,Conjunction,3,8999,3.504,256824
SG_Total,20,Opposition,3,8188,3.1882,256824
SG_Total,20,Conjunction,4,1295,0.5042,256824
SG_Total,20,Opposition,4,1276,0.4968,256824
SG_Total,20,Conjunction,5,128,0.0498,256824
SG_Total,20,Opposition,5,86,0.0335,256824
SG_Total,20,Conjunction,6,4,0.0016,256824
SG_Total,20,Opposition,6,0,0.0,256824
SG_Total,20,Conjunction,7,0,0.0,256824
SG_Total,20,Opposition,7,0,0.0,256824
SG_Total,21,Conjunction,0,110021,42.8391,256824
SG_Total,21,Opposition,0,109222,42.528,256824
SG_Total,21,Conjunction,1,97178,37.8384,256824
SG_Total,21,Opposition,1,97304,37.8874,256824
SG_Total,21,Conjunction,2,37809,14.7218,256824
SG_Total,21,Opposition,2,39429,15.3525,256824
SG_Total,21,Conjunction,3,10138,3.9475,256824
SG_Total,21,Opposition,3,9267,3.6083,256824
SG_Total,21,Conjunction,4,1526,0.5942,256824
SG_Total,21,Opposition,4,1496,0.5825,256824
SG_Total,21,Conjunction,5,147,0.0572,256824
SG_Total,21,Opposition,5,106,0.0413,256824
SG_Total,21,Conjunction,6,5,0.0019,256824
SG_Total,21,Opposition,6,0,0.0,256824
SG_Total,21,Conjunction,7,0,0.0,256824
SG_Total,21,Opposition,7,0,0.0,256824
SG_Total,22,Conjunction,0,105533,41.0916,256824
SG_Total,22,Opposition,0,104859,40.8291,256824
SG_Total,22,Conjunction,1,97938,38.1343,256824
SG_Total,22,Opposition,1,97796,38.079,256824
SG_Total,22,Conjunction,2,40166,15.6395,256824
SG_Total,22,Opposition,2,41927,16.3252,256824
SG_Total,22,Conjunction,3,11221,4.3691,256824
SG_Total,22,Opposition,3,10399,4.0491,256824
SG_Total,22,Conjunction,4,1778,0.6923,256824
SG_Total,22,Opposition,4,1700,0.6619,256824
SG_Total,22,Conjunction,5,180,0.0701,256824
SG_Total,22,Opposition,5,142,0.0553,256824
SG_Total,22,Conjunction,6,8,0.0031,256824
SG_Total,22,Opposition,6,1,0.0004,256824
SG_Total,22,Conjunction,7,0,0.0,256824
SG_Total,22,Opposition,7,0,0.0,256824
SG_Total,23,Conjunction,0,101204,39.406,256824
SG_Total,23,Opposition,0,100528,39.1428,256824
SG_Total,23,Conjunction,1,98470,38.3414,256824
SG_Total,23,Opposition,1,98286,38.2698,256824
SG_Total,23,Conjunction,2,42548,16.567,256824
SG_Total,23,Opposition,2,44237,17.2246,256824
SG_Total,23,Conjunction,3,12331,4.8013,256824
SG_Total,23,Opposition,3,11605,4.5187,256824
SG_Total,23,Conjunction,4,2033,0.7916,256824
SG_Total,23,Opposition,4,1997,0.7776,256824
SG_Total,23,Conjunction,5,226,0.088,256824
SG_Total,23,Opposition,5,170,0.0662,256824
SG_Total,23,Conjunction,6,12,0.0047,256824
SG_Total,23,Opposition,6,1,0.0004,256824
SG_Total,23,Conjunction,7,0,0.0,256824
SG_Total,23,Opposition,7,0,0.0,256824
SG_Total,24,Conjunction,0,96958,37.7527,256824
SG_Total,24,Opposition,0,96464,37.5604,256824
SG_Total,24,Conjunction,1,98839,38.4851,256824
SG_Total,24,Opposition,1,98410,38.3181,256824
SG_Total,24,Conjunction,2,44907,17.4855,256824
SG_Total,24,Opposition,2,46632,18.1572,256824
SG_Total,24,Conjunction,3,13474,5.2464,256824
SG_Total,24,Opposition,3,12851,5.0038,256824
SG_Total,24,Conjunction,4,2351,0.9154,256824
SG_Total,24,Opposition,4,2252,0.8769,256824
SG_Total,24,Conjunction,5,276,0.1075,256824
SG_Total,24,Opposition,5,214,0.0833,256824
SG_Total,24,Conjunction,6,19,0.0074,256824
SG_Total,24,Opposition,6,1,0.0004,256824
SG_Total,24,Conjunction,7,0,0.0,256824
SG_Total,24,Opposition,7,0,0.0,256824
SG_Total,25,Conjunction,0,92841,36.1497,256824
SG_Total,25,Opposition,0,92418,35.985,256824
SG_Total,25,Conjunction,1,99182,38.6187,256824
SG_Total,25,Opposition,1,98463,38.3387,256824
SG_Total,25,Conjunction,2,46997,18.2993,256824
SG_Total,25,Opposition,2,49023,19.0882,256824
SG_Total,25,Conjunction,3,14794,5.7604,256824
SG_Total,25,Opposition,3,14111,5.4944,256824
SG_Total,25,Conjunction,4,2664,1.0373,256824
SG_Total,25,Opposition,4,2550,0.9929,256824
SG_Total,25,Conjunction,5,321,0.125,256824
SG_Total,25,Opposition,5,255,0.0993,256824
SG_Total,25,Conjunction,6,25,0.0097,256824
SG_Total,25,Opposition,6,4,0.0016,256824
SG_Total,25,Conjunction,7,0,0.0,256824
SG_Total,25,Opposition,7,0,0.0,256824
SG_Total,26,Conjunction,0,88929,34.6264,256824
SG_Total,26,Opposition,0,88564,34.4843,256824
SG_Total,26,Conjunction,1,99132,38.5992,256824
SG_Total,26,Opposition,1,98319,38.2826,256824
SG_Total,26,Conjunction,2,49219,19.1645,256824
SG_Total,26,Opposition,2,51234,19.9491,256824
SG_Total,26,Conjunction,3,16108,6.272,256824
SG_Total,26,Opposition,3,15477,6.0263,256824
SG_Total,26,Conjunction,4,3020,1.1759,256824
SG_Total,26,Opposition,4,2919,1.1366,256824
SG_Total,26,Conjunction,5,383,0.1491,256824
SG_Total,26,Opposition,5,305,0.1188,256824
SG_Total,26,Conjunction,6,33,0.0128,256824
SG_Total,26,Opposition,6,6,0.0023,256824
SG_Total,26,Conjunction,7,0,0.0,256824
SG_Total,26,Opposition,7,0,0.0,256824
SG_Total,27,Conjunction,0,85223,33.1834,256824
SG_Total,27,Opposition,0,84848,33.0374,256824
SG_Total,27,Conjunction,1,99000,38.5478,256824
SG_Total,27,Opposition,1,98119,38.2048,256824
SG_Total,27,Conjunction,2,51238,19.9506,256824
SG_Total,27,Opposition,2,53300,20.7535,256824
SG_Total,27,Conjunction,3,17460,6.7984,256824
SG_Total,27,Opposition,3,16861,6.5652,256824
SG_Total,27,Conjunction,4,3421,1.332,256824
SG_Total,27,Opposition,4,3331,1.297,256824
SG_Total,27,Conjunction,5,441,0.1717,256824
SG_Total,27,Opposition,5,355,0.1382,256824
SG_Total,27,Conjunction,6,41,0.016,256824
SG_Total,27,Opposition,6,10,0.0039,256824
SG_Total,27,Conjunction,7,0,0.0,256824
SG_Total,27,Opposition,7,0,0.0,256824
SG_Total,28,Conjunction,0,81673,31.8012,256824
SG_Total,28,Opposition,0,81204,31.6185,256824
SG_Total,28,Conjunction,1,98769,38.4579,256824
SG_Total,28,Opposition,1,97757,38.0638,256824
SG_Total,28,Conjunction,2,53111,20.6799,256824
SG_Total,28,Opposition,2,55354,21.5533,256824
SG_Total,28,Conjunction,3,18861,7.3439,256824
SG_Total,28,Opposition,3,18354,7.1465,256824
SG_Total,28,Conjunction,4,3850,1.4991,256824
SG_Total,28,Opposition,4,3736,1.4547,256824
SG_Total,28,Conjunction,5,509,0.1982,256824
SG_Total,28,Opposition,5,404,0.1573,256824
SG_Total,28,Conjunction,6,51,0.0199,256824
SG_Total,28,Opposition,6,15,0.0058,256824
SG_Total,28,Conjunction,7,0,0.0,256824
SG_Total,28,Opposition,7,0,0.0,256824
SG_Total,29,Conjunction,0,78259,30.4718,256824
SG_Total,29,Opposition,0,77695,30.2522,256824
SG_Total,29,Conjunction,1,98413,38.3192,256824
SG_Total,29,Opposition,1,97383,37.9182,256824
SG_Total,29,Conjunction,2,54817,21.3442,256824
SG_Total,29,Opposition,2,57271,22.2997,256824
SG_Total,29,Conjunction,3,20332,7.9167,256824
SG_Total,29,Opposition,3,19812,7.7142,256824
SG_Total,29,Conjunction,4,4353,1.6949,256824
SG_Total,29,Opposition,4,4194,1.633,256824
SG_Total,29,Conjunction,5,590,0.2297,256824
SG_Total,29,Opposition,5,448,0.1744,256824
SG_Total,29,Conjunction,6,60,0.0234,256824
SG_Total,29,Opposition,6,21,0.0082,256824
SG_Total,29,Conjunction,7,0,0.0,256824
SG_Total,29,Opposition,7,0,0.0,256824
SG_Total,30,Conjunction,0,74884,29.1577,256824
SG_Total,30,Opposition,0,74397,28.9681,256824
SG_Total,30,Conjunction,1,97914,38.1249,256824
SG_Total,30,Opposition,1,96685,37.6464,256824
SG_Total,30,Conjunction,2,56586,22.033,256824
SG_Total,30,Opposition,2,59186,23.0454,256824
SG_Total,30,Conjunction,3,21754,8.4704,256824
SG_Total,30,Opposition,3,21320,8.3014,256824
SG_Total,30,Conjunction,4,4923,1.9169,256824
SG_Total,30,Opposition,4,4687,1.825,256824
SG_Total,30,Conjunction,5,692,0.2694,256824
SG_Total,30,Opposition,5,525,0.2044,256824
SG_Total,30,Conjunction,6,71,0.0276,256824
SG_Total,30,Opposition,6,24,0.0093,256824
SG_Total,30,Conjunction,7,0,0.0,256824
SG_Total,30,Opposition,7,0,0.0,256824
SG_Small,1,Conjunction,0,145396,96.1607,151201
SG_Small,1,Opposition,0,145421,96.1773,151201
SG_Small,1,Conjunction,1,5687,3.7612,151201
SG_Small,1,Opposition,1,5683,3.7586,151201
SG_Small,1,Conjunction,2,116,0.0767,151201
SG_Small,1,Opposition,2,97,0.0642,151201
SG_Small,1,Conjunction,3,2,0.0013,151201
SG_Small,1,Opposition,3,0,0.0,151201
SG_Small,1,Conjunction,4,0,0.0,151201
SG_Small,1,Opposition,4,0,0.0,151201
SG_Small,1,Conjunction,5,0,0.0,151201
SG_Small,1,Opposition,5,0,0.0,151201
SG_Small,1,Conjunction,6,0,0.0,151201
SG_Small,1,Opposition,6,0,0.0,151201
SG_Small,1,Conjunction,7,0,0.0,151201
SG_Small,1,Opposition,7,0,0.0,151201
SG_Small,2,Conjunction,0,139932,92.547,151201
SG_Small,2,Opposition,0,139724,92.4094,151201
SG_Small,2,Conjunction,1,10820,7.156,151201
SG_Small,2,Opposition,1,11074,7.324,151201
SG_Small,2,Conjunction,2,441,0.2917,151201
SG_Small,2,Opposition,2,397,0.2626,151201
SG_Small,2,Conjunction,3,8,0.0053,151201
SG_Small,2,Opposition,3,6,0.004,151201
SG_Small,2,Conjunction,4,0,0.0,151201
SG_Small,2,Opposition,4,0,0.0,151201
SG_Small,2,Conjunction,5,0,0.0,151201
SG_Small,2,Opposition,5,0,0.0,151201
SG_Small,2,Conjunction,6,0,0.0,151201
SG_Small,2,Opposition,6,0,0.0,151201
SG_Small,2,Conjunction,7,0,0.0,151201
SG_Small,2,Opposition,7,0,0.0,151201
SG_Small,3,Conjunction,0,134552,88.9888,151201
SG_Small,3,Opposition,0,134338,88.8473,151201
SG_Small,3,Conjunction,1,15693,10.3789,151201
SG_Small,3,Opposition,1,15954,10.5515,151201
SG_Small,3,Conjunction,2,927,0.6131,151201
SG_Small,3,Opposition,2,886,0.586,151201
SG_Small,3,Conjunction,3,29,0.0192,151201
SG_Small,3,Opposition,3,23,0.0152,151201
SG_Small,3,Conjunction,4,0,0.0,151201
SG_Small,3,Opposition,4,0,0.0,151201
SG_Small,3,Conjunction,5,0,0.0,151201
SG_Small,3,Opposition,5,0,0.0,151201
SG_Small,3,Conjunction,6,0,0.0,151201
SG_Small,3,Opposition,6,0,0.0,151201
SG_Small,3,Conjunction,7,0,0.0,151201
SG_Small,3,Opposition,7,0,0.0,151201
SG_Small,4,Conjunction,0,129409,85.5874,151201
SG_Small,4,Opposition,0,129215,85.4591,151201
SG_Small,4,Conjunction,1,20202,13.361,151201
SG_Small,4,Opposition,1,20406,13.4959,151201
SG_Small,4,Conjunction,2,1511,0.9993,151201
SG_Small,4,Opposition,2,1525,1.0086,151201
SG_Small,4,Conjunction,3,79,0.0522,151201
SG_Small,4,Opposition,3,55,0.0364,151201
SG_Small,4,Conjunction,4,0,0.0,151201
SG_Small,4,Opposition,4,0,0.0,151201
SG_Small,4,Conjunction,5,0,0.0,151201
SG_Small,4,Opposition,5,0,0.0,151201
SG_Small,4,Conjunction,6,0,0.0,151201
SG_Small,4,Opposition,6,0,0.0,151201
SG_Small,4,Conjunction,7,0,0.0,151201
SG_Small,4,Opposition,7,0,0.0,151201
SG_Small,5,Conjunction,0,124471,82.3215,151201
SG_Small,5,Opposition,0,124135,82.0993,151201
SG_Small,5,Conjunction,1,24344,16.1004,151201
SG_Small,5,Opposition,1,24614,16.279,151201
SG_Small,5,Conjunction,2,2235,1.4782,151201
SG_Small,5,Opposition,2,2354,1.5569,151201
SG_Small,5,Conjunction,3,149,0.0985,151201
SG_Small,5,Opposition,3,95,0.0628,151201
SG_Small,5,Conjunction,4,2,0.0013,151201
SG_Small,5,Opposition,4,3,0.002,151201
SG_Small,5,Conjunction,5,0,0.0,151201
SG_Small,5,Opposition,5,0,0.0,151201
SG_Small,5,Conjunction,6,0,0.0,151201
SG_Small,5,Opposition,6,0,0.0,151201
SG_Small,5,Conjunction,7,0,0.0,151201
SG_Small,5,Opposition,7,0,0.0,151201
SG_Small,6,Conjunction,0,119636,79.1238,151201
SG_Small,6,Opposition,0,119313,78.9102,151201
SG_Small,6,Conjunction,1,28183,18.6394,151201
SG_Small,6,Opposition,1,28494,18.8451,151201
SG_Small,6,Conjunction,2,3122,2.0648,151201
SG_Small,6,Opposition,2,3191,2.1104,151201
SG_Small,6,Conjunction,3,252,0.1667,151201
SG_Small,6,Opposition,3,190,0.1257,151201
SG_Small,6,Conjunction,4,8,0.0053,151201
SG_Small,6,Opposition,4,13,0.0086,151201
SG_Small,6,Conjunction,5,0,0.0,151201
SG_Small,6,Opposition,5,0,0.0,151201
SG_Small,6,Conjunction,6,0,0.0,151201
SG_Small,6,Opposition,6,0,0.0,151201
SG_Small,6,Conjunction,7,0,0.0,151201
SG_Small,6,Opposition,7,0,0.0,151201
SG_Small,7,Conjunction,0,114991,76.0517,151201
SG_Small,7,Opposition,0,114720,75.8725,151201
SG_Small,7,Conjunction,1,31781,21.019,151201
SG_Small,7,Opposition,1,31949,21.1302,151201
SG_Small,7,Conjunction,2,4059,2.6845,151201
SG_Small,7,Opposition,2,4194,2.7738,151201
SG_Small,7,Conjunction,3,360,0.2381,151201
SG_Small,7,Opposition,3,314,0.2077,151201
SG_Small,7,Conjunction,4,10,0.0066,151201
SG_Small,7,Opposition,4,24,0.0159,151201
SG_Small,7,Conjunction,5,0,0.0,151201
SG_Small,7,Opposition,5,0,0.0,151201
SG_Small,7,Conjunction,6,0,0.0,151201
SG_Small,7,Opposition,6,0,0.0,151201
SG_Small,7,Conjunction,7,0,0.0,151201
SG_Small,7,Opposition,7,0,0.0,151201
SG_Small,8,Conjunction,0,110508,73.0868,151201
SG_Small,8,Opposition,0,110091,72.811,151201
SG_Small,8,Conjunction,1,35059,23.187,151201
SG_Small,8,Opposition,1,35318,23.3583,151201
SG_Small,8,Conjunction,2,5082,3.3611,151201
SG_Small,8,Opposition,2,5297,3.5033,151201
SG_Small,8,Conjunction,3,527,0.3485,151201
SG_Small,8,Opposition,3,467,0.3089,151201
SG_Small,8,Conjunction,4,25,0.0165,151201
SG_Small,8,Opposition,4,28,0.0185,151201
SG_Small,8,Conjunction,5,0,0.0,151201
SG_Small,8,Opposition,5,0,0.0,151201
SG_Small,8,Conjunction,6,0,0.0,151201
SG_Small,8,Opposition,6,0,0.0,151201
SG_Small,8,Conjunction,7,0,0.0,151201
SG_Small,8,Opposition,7,0,0.0,151201
SG_Small,9,Conjunction,0,106145,70.2013,151201
SG_Small,9,Opposition,0,105785,69.9632,151201
SG_Small,9,Conjunction,1,38058,25.1705,151201
SG_Small,9,Opposition,1,38278,25.316,151201
SG_Small,9,Conjunction,2,6238,4.1256,151201
SG_Small,9,Opposition,2,6452,4.2672,151201
SG_Small,9,Conjunction,3,724,0.4788,151201
SG_Small,9,Opposition,3,643,0.4253,151201
SG_Small,9,Conjunction,4,36,0.0238,151201
SG_Small,9,Opposition,4,43,0.0284,151201
SG_Small,9,Conjunction,5,0,0.0,151201
SG_Small,9,Opposition,5,0,0.0,151201
SG_Small,9,Conjunction,6,0,0.0,151201
SG_Small,9,Opposition,6,0,0.0,151201
SG_Small,9,Conjunction,7,0,0.0,151201
SG_Small,9,Opposition,7,0,0.0,151201
SG_Small,10,Conjunction,0,101977,67.4447,151201
SG_Small,10,Opposition,0,101489,67.1219,151201
SG_Small,10,Conjunction,1,40807,26.9886,151201
SG_Small,10,Opposition,1,41186,27.2392,151201
SG_Small,10,Conjunction,2,7396,4.8915,151201
SG_Small,10,Opposition,2,7608,5.0317,151201
SG_Small,10,Conjunction,3,962,0.6362,151201
SG_Small,10,Opposition,3,855,0.5655,151201
SG_Small,10,Conjunction,4,59,0.039,151201
SG_Small,10,Opposition,4,63,0.0417,151201
SG_Small,10,Conjunction,5,0,0.0,151201
SG_Small,10,Opposition,5,0,0.0,151201
SG_Small,10,Conjunction,6,0,0.0,151201
SG_Small,10,Opposition,6,0,0.0,151201
SG_Small,10,Conjunction,7,0,0.0,151201
SG_Small,10,Opposition,7,0,0.0,151201
SG_Small,11,Conjunction,0,98018,64.8263,151201
SG_Small,11,Opposition,0,97469,64.4632,151201
SG_Small,11,Conjunction,1,43228,28.5898,151201
SG_Small,11,Opposition,1,43632,28.857,151201
SG_Small,11,Conjunction,2,8613,5.6964,151201
SG_Small,11,Opposition,2,8920,5.8994,151201
SG_Small,11,Conjunction,3,1250,0.8267,151201
SG_Small,11,Opposition,3,1083,0.7163,151201
SG_Small,11,Conjunction,4,91,0.0602,151201
SG_Small,11,Opposition,4,96,0.0635,151201
SG_Small,11,Conjunction,5,1,0.0007,151201
SG_Small,11,Opposition,5,1,0.0007,151201
SG_Small,11,Conjunction,6,0,0.0,151201
SG_Small,11,Opposition,6,0,0.0,151201
SG_Small,11,Conjunction,7,0,0.0,151201
SG_Small,11,Opposition,7,0,0.0,151201
SG_Small,12,Conjunction,0,94159,62.2741,151201
SG_Small,12,Opposition,0,93539,61.864,151201
SG_Small,12,Conjunction,1,45471,30.0732,151201
SG_Small,12,Opposition,1,45922,30.3715,151201
SG_Small,12,Conjunction,2,9881,6.535,151201
SG_Small,12,Opposition,2,10237,6.7705,151201
SG_Small,12,Conjunction,3,1558,1.0304,151201
SG_Small,12,Opposition,3,1383,0.9147,151201
SG_Small,12,Conjunction,4,129,0.0853,151201
SG_Small,12,Opposition,4,118,0.078,151201
SG_Small,12,Conjunction,5,3,0.002,151201
SG_Small,12,Opposition,5,2,0.0013,151201
SG_Small,12,Conjunction,6,0,0.0,151201
SG_Small,12,Opposition,6,0,0.0,151201
SG_Small,12,Conjunction,7,0,0.0,151201
SG_Small,12,Opposition,7,0,0.0,151201
SG_Small,13,Conjunction,0,90401,59.7886,151201
SG_Small,13,Opposition,0,89927,59.4751,151201
SG_Small,13,Conjunction,1,47538,31.4403,151201
SG_Small,13,Opposition,1,47854,31.6493,151201
SG_Small,13,Conjunction,2,11169,7.3869,151201
SG_Small,13,Opposition,2,11564,7.6481,151201
SG_Small,13,Conjunction,3,1906,1.2606,151201
SG_Small,13,Opposition,3,1693,1.1197,151201
SG_Small,13,Conjunction,4,181,0.1197,151201
SG_Small,13,Opposition,4,159,0.1052,151201
SG_Small,13,Conjunction,5,6,0.004,151201
SG_Small,13,Opposition,5,4,0.0026,151201
SG_Small,13,Conjunction,6,0,0.0,151201
SG_Small,13,Opposition,6,0,0.0,151201
SG_Small,13,Conjunction,7,0,0.0,151201
SG_Small,13,Opposition,7,0,0.0,151201
SG_Small,14,Conjunction,0,86726,57.3581,151201
SG_Small,14,Opposition,0,86288,57.0684,151201
SG_Small,14,Conjunction,1,49464,32.7141,151201
SG_Small,14,Opposition,1,49684,32.8596,151201
SG_Small,14,Conjunction,2,12463,8.2427,151201
SG_Small,14,Opposition,2,12950,8.5648,151201
SG_Small,14,Conjunction,3,2296,1.5185,151201
SG_Small,14,Opposition,3,2050,1.3558,151201
SG_Small,14,Conjunction,4,239,0.1581,151201
SG_Small,14,Opposition,4,222,0.1468,151201
SG_Small,14,Conjunction,5,13,0.0086,151201
SG_Small,14,Opposition,5,7,0.0046,151201
SG_Small,14,Conjunction,6,0,0.0,151201
SG_Small,14,Opposition,6,0,0.0,151201
SG_Small,14,Conjunction,7,0,0.0,151201
SG_Small,14,Opposition,7,0,0.0,151201
SG_Small,15,Conjunction,0,83337,55.1167,151201
SG_Small,15,Opposition,0,82809,54.7675,151201
SG_Small,15,Conjunction,1,51038,33.7551,151201
SG_Small,15,Opposition,1,51211,33.8695,151201
SG_Small,15,Conjunction,2,13768,9.1058,151201
SG_Small,15,Opposition,2,14465,9.5667,151201
SG_Small,15,Conjunction,3,2716,1.7963,151201
SG_Small,15,Opposition,3,2432,1.6085,151201
SG_Small,15,Conjunction,4,324,0.2143,151201
SG_Small,15,Opposition,4,275,0.1819,151201
SG_Small,15,Conjunction,5,18,0.0119,151201
SG_Small,15,Opposition,5,9,0.006,151201
SG_Small,15,Conjunction,6,0,0.0,151201
SG_Small,15,Opposition,6,0,0.0,151201
SG_Small,15,Conjunction,7,0,0.0,151201
SG_Small,15,Opposition,7,0,0.0,151201
SG_Small,16,Conjunction,0,80078,52.9613,151201
SG_Small,16,Opposition,0,79449,52.5453,151201
SG_Small,16,Conjunction,1,52339,34.6155,151201
SG_Small,16,Opposition,1,52650,34.8212,151201
SG_Small,16,Conjunction,2,15172,10.0343,151201
SG_Small,16,Opposition,2,15892,10.5105,151201
SG_Small,16,Conjunction,3,3184,2.1058,151201
SG_Small,16,Opposition,3,2859,1.8909,151201
SG_Small,16,Conjunction,4,403,0.2665,151201
SG_Small,16,Opposition,4,334,0.2209,151201
SG_Small,16,Conjunction,5,24,0.0159,151201
SG_Small,16,Opposition,5,17,0.0112,151201
SG_Small,16,Conjunction,6,1,0.0007,151201
SG_Small,16,Opposition,6,0,0.0,151201
SG_Small,16,Conjunction,7,0,0.0,151201
SG_Small,16,Opposition,7,0,0.0,151201
SG_Small,17,Conjunction,0,76897,50.8575,151201
SG_Small,17,Opposition,0,76263,50.4382,151201
SG_Small,17,Conjunction,1,53586,35.4402,151201
SG_Small,17,Opposition,1,53803,35.5838,151201
SG_Small,17,Conjunction,2,16515,10.9225,151201
SG_Small,17,Opposition,2,17391,11.5019,151201
SG_Small,17,Conjunction,3,3677,2.4319,151201
SG_Small,17,Opposition,3,3290,2.1759,151201
SG_Small,17,Conjunction,4,486,0.3214,151201
SG_Small,17,Opposition,4,433,0.2864,151201
SG_Small,17,Conjunction,5,39,0.0258,151201
SG_Small,17,Opposition,5,21,0.0139,151201
SG_Small,17,Conjunction,6,1,0.0007,151201
SG_Small,17,Opposition,6,0,0.0,151201
SG_Small,17,Conjunction,7,0,0.0,151201
SG_Small,17,Opposition,7,0,0.0,151201
SG_Small,18,Conjunction,0,73706,48.747,151201
SG_Small,18,Opposition,0,73148,48.378,151201
SG_Small,18,Conjunction,1,54741,36.2041,151201
SG_Small,18,Opposition,1,54816,36.2537,151201
SG_Small,18,Conjunction,2,17908,11.8438,151201
SG_Small,18,Opposition,2,18921,12.5138,151201
SG_Small,18,Conjunction,3,4214,2.787,151201
SG_Small,18,Opposition,3,3760,2.4868,151201
SG_Small,18,Conjunction,4,581,0.3843,151201
SG_Small,18,Opposition,4,528,0.3492,151201
SG_Small,18,Conjunction,5,50,0.0331,151201
SG_Small,18,Opposition,5,28,0.0185,151201
SG_Small,18,Conjunction,6,1,0.0007,151201
SG_Small,18,Opposition,6,0,0.0,151201
SG_Small,18,Conjunction,7,0,0.0,151201
SG_Small,18,Opposition,7,0,0.0,151201
SG_Small,19,Conjunction,0,70798,46.8238,151201
SG_Small,19,Opposition,0,70109,46.3681,151201
SG_Small,19,Conjunction,1,55527,36.724,151201
SG_Small,19,Opposition,1,55781,36.892,151201
SG_Small,19,Conjunction,2,19320,12.7777,151201
SG_Small,19,Opposition,2,20270,13.406,151201
SG_Small,19,Conjunction,3,4801,3.1752,151201
SG_Small,19,Opposition,3,4364,2.8862,151201
SG_Small,19,Conjunction,4,687,0.4544,151201
SG_Small,19,Opposition,4,639,0.4226,151201
SG_Small,19,Conjunction,5,66,0.0437,151201
SG_Small,19,Opposition,5,38,0.0251,151201
SG_Small,19,Conjunction,6,2,0.0013,151201
SG_Small,19,Opposition,6,0,0.0,151201
SG_Small,19,Conjunction,7,0,0.0,151201
SG_Small,19,Opposition,7,0,0.0,151201
SG_Small,20,Conjunction,0,67967,44.9514,151201
SG_Small,20,Opposition,0,67310,44.5169,151201
SG_Small,20,Conjunction,1,56257,37.2068,151201
SG_Small,20,Opposition,1,56341,37.2623,151201
SG_Small,20,Conjunction,2,20715,13.7003,151201
SG_Small,20,Opposition,2,21781,14.4053,151201
SG_Small,20,Conjunction,3,5382,3.5595,151201
SG_Small,20,Opposition,3,4941,3.2678,151201
SG_Small,20,Conjunction,4,794,0.5251,151201
SG_Small,20,Opposition,4,776,0.5132,151201
SG_Small,20,Conjunction,5,82,0.0542,151201
SG_Small,20,Opposition,5,52,0.0344,151201
SG_Small,20,Conjunction,6,4,0.0026,151201
SG_Small,20,Opposition,6,0,0.0,151201
SG_Small,20,Conjunction,7,0,0.0,151201
SG_Small,20,Opposition,7,0,0.0,151201
SG_Small,21,Conjunction,0,65124,43.0711,151201
SG_Small,21,Opposition,0,64507,42.6631,151201
SG_Small,21,Conjunction,1,56899,37.6314,151201
SG_Small,21,Opposition,1,56939,37.6578,151201
SG_Small,21,Conjunction,2,22090,14.6097,151201
SG_Small,21,Opposition,2,23179,15.3299,151201
SG_Small,21,Conjunction,3,6048,4.0,151201
SG_Small,21,Opposition,3,5590,3.6971,151201
SG_Small,21,Conjunction,4,944,0.6243,151201
SG_Small,21,Opposition,4,922,0.6098,151201
SG_Small,21,Conjunction,5,92,0.0608,151201
SG_Small,21,Opposition,5,64,0.0423,151201
SG_Small,21,Conjunction,6,4,0.0026,151201
SG_Small,21,Opposition,6,0,0.0,151201
SG_Small,21,Conjunction,7,0,0.0,151201
SG_Small,21,Opposition,7,0,0.0,151201
SG_Small,22,Conjunction,0,62476,41.3198,151201
SG_Small,22,Opposition,0,61906,40.9429,151201
SG_Small,22,Conjunction,1,57386,37.9535,151201
SG_Small,22,Opposition,1,57261,37.8708,151201
SG_Small,22,Conjunction,2,23438,15.5012,151201
SG_Small,22,Opposition,2,24626,16.2869,151201
SG_Small,22,Conjunction,3,6688,4.4233,151201
SG_Small,22,Opposition,3,6274,4.1494,151201
SG_Small,22,Conjunction,4,1095,0.7242,151201
SG_Small,22,Opposition,4,1045,0.6911,151201
SG_Small,22,Conjunction,5,113,0.0747,151201
SG_Small,22,Opposition,5,88,0.0582,151201
SG_Small,22,Conjunction,6,5,0.0033,151201
SG_Small,22,Opposition,6,1,0.0007,151201
SG_Small,22,Conjunction,7,0,0.0,151201
SG_Small,22,Opposition,7,0,0.0,151201
SG_Small,23,Conjunction,0,59890,39.6095,151201
SG_Small,23,Opposition,0,59323,39.2345,151201
SG_Small,23,Conjunction,1,57792,38.222,151201
SG_Small,23,Opposition,1,57587,38.0864,151201
SG_Small,23,Conjunction,2,24785,16.3921,151201
SG_Small,23,Opposition,2,25984,17.1851,151201
SG_Small,23,Conjunction,3,7325,4.8445,151201
SG_Small,23,Opposition,3,6959,4.6025,151201
SG_Small,23,Conjunction,4,1255,0.83,151201
SG_Small,23,Opposition,4,1241,0.8208,151201
SG_Small,23,Conjunction,5,146,0.0966,151201
SG_Small,23,Opposition,5,106,0.0701,151201
SG_Small,23,Conjunction,6,8,0.0053,151201
SG_Small,23,Opposition,6,1,0.0007,151201
SG_Small,23,Conjunction,7,0,0.0,151201
SG_Small,23,Opposition,7,0,0.0,151201
SG_Small,24,Conjunction,0,57402,37.964,151201
SG_Small,24,Opposition,0,56886,37.6228,151201
SG_Small,24,Conjunction,1,58018,38.3714,151201
SG_Small,24,Opposition,1,57728,38.1796,151201
SG_Small,24,Conjunction,2,26165,17.3048,151201
SG_Small,24,Opposition,2,27393,18.1169,151201
SG_Small,24,Conjunction,3,7979,5.2771,151201
SG_Small,24,Opposition,3,7648,5.0582,151201
SG_Small,24,Conjunction,4,1442,0.9537,151201
SG_Small,24,Opposition,4,1413,0.9345,151201
SG_Small,24,Conjunction,5,184,0.1217,151201
SG_Small,24,Opposition,5,132,0.0873,151201
SG_Small,24,Conjunction,6,11,0.0073,151201
SG_Small,24,Opposition,6,1,0.0007,151201
SG_Small,24,Conjunction,7,0,0.0,151201
SG_Small,24,Opposition,7,0,0.0,151201
SG_Small,25,Conjunction,0,54986,36.3662,151201
SG_Small,25,Opposition,0,54508,36.05,151201
SG_Small,25,Conjunction,1,58219,38.5044,151201
SG_Small,25,Opposition,1,57730,38.181,151201
SG_Small,25,Conjunction,2,27396,18.1189,151201
SG_Small,25,Opposition,2,28826,19.0647,151201
SG_Small,25,Conjunction,3,8745,5.7837,151201
SG_Small,25,Opposition,3,8381,5.543,151201
SG_Small,25,Conjunction,4,1629,1.0774,151201
SG_Small,25,Opposition,4,1603,1.0602,151201
SG_Small,25,Conjunction,5,212,0.1402,151201
SG_Small,25,Opposition,5,151,0.0999,151201
SG_Small,25,Conjunction,6,14,0.0093,151201
SG_Small,25,Opposition,6,2,0.0013,151201
SG_Small,25,Conjunction,7,0,0.0,151201
SG_Small,25,Opposition,7,0,0.0,151201
SG_Small,26,Conjunction,0,52691,34.8483,151201
SG_Small,26,Opposition,0,52252,34.558,151201
SG_Small,26,Conjunction,1,58180,38.4786,151201
SG_Small,26,Opposition,1,57707,38.1658,151201
SG_Small,26,Conjunction,2,28700,18.9814,151201
SG_Small,26,Opposition,2,30059,19.8802,151201
SG_Small,26,Conjunction,3,9524,6.2989,151201
SG_Small,26,Opposition,3,9163,6.0601,151201
SG_Small,26,Conjunction,4,1840,1.2169,151201
SG_Small,26,Opposition,4,1835,1.2136,151201
SG_Small,26,Conjunction,5,249,0.1647,151201
SG_Small,26,Opposition,5,182,0.1204,151201
SG_Small,26,Conjunction,6,17,0.0112,151201
SG_Small,26,Opposition,6,3,0.002,151201
SG_Small,26,Conjunction,7,0,0.0,151201
SG_Small,26,Opposition,7,0,0.0,151201
SG_Small,27,Conjunction,0,50529,33.4184,151201
SG_Small,27,Opposition,0,50079,33.1208,151201
SG_Small,27,Conjunction,1,58166,38.4693,151201
SG_Small,27,Opposition,1,57589,38.0877,151201
SG_Small,27,Conjunction,2,29824,19.7247,151201
SG_Small,27,Opposition,2,31282,20.689,151201
SG_Small,27,Conjunction,3,10299,6.8115,151201
SG_Small,27,Opposition,3,9941,6.5747,151201
SG_Small,27,Conjunction,4,2076,1.373,151201
SG_Small,27,Opposition,4,2092,1.3836,151201
SG_Small,27,Conjunction,5,287,0.1898,151201
SG_Small,27,Opposition,5,212,0.1402,151201
SG_Small,27,Conjunction,6,20,0.0132,151201
SG_Small,27,Opposition,6,6,0.004,151201
SG_Small,27,Conjunction,7,0,0.0,151201
SG_Small,27,Opposition,7,0,0.0,151201
SG_Small,28,Conjunction,0,48488,32.0686,151201
SG_Small,28,Opposition,0,47932,31.7008,151201
SG_Small,28,Conjunction,1,57988,38.3516,151201
SG_Small,28,Opposition,1,57422,37.9773,151201
SG_Small,28,Conjunction,2,30935,20.4595,151201
SG_Small,28,Opposition,2,32438,21.4536,151201
SG_Small,28,Conjunction,3,11116,7.3518,151201
SG_Small,28,Opposition,3,10811,7.1501,151201
SG_Small,28,Conjunction,4,2312,1.5291,151201
SG_Small,28,Opposition,4,2345,1.5509,151201
SG_Small,28,Conjunction,5,336,0.2222,151201
SG_Small,28,Opposition,5,244,0.1614,151201
SG_Small,28,Conjunction,6,26,0.0172,151201
SG_Small,28,Opposition,6,9,0.006,151201
SG_Small,28,Conjunction,7,0,0.0,151201
SG_Small,28,Opposition,7,0,0.0,151201
SG_Small,29,Conjunction,0,46468,30.7326,151201
SG_Small,29,Opposition,0,45923,30.3722,151201
SG_Small,29,Conjunction,1,57756,38.1982,151201
SG_Small,29,Opposition,1,57194,37.8265,151201
SG_Small,29,Conjunction,2,31970,21.144,151201
SG_Small,29,Opposition,2,33522,22.1705,151201
SG_Small,29,Conjunction,3,11985,7.9265,151201
SG_Small,29,Opposition,3,11656,7.7089,151201
SG_Small,29,Conjunction,4,2604,1.7222,151201
SG_Small,29,Opposition,4,2618,1.7315,151201
SG_Small,29,Conjunction,5,386,0.2553,151201
SG_Small,29,Opposition,5,275,0.1819,151201
SG_Small,29,Conjunction,6,32,0.0212,151201
SG_Small,29,Opposition,6,13,0.0086,151201
SG_Small,29,Conjunction,7,0,0.0,151201
SG_Small,29,Opposition,7,0,0.0,151201
SG_Small,30,Conjunction,0,44472,29.4125,151201
SG_Small,30,Opposition,0,43960,29.0739,151201
SG_Small,30,Conjunction,1,57476,38.013,151201
SG_Small,30,Opposition,1,56834,37.5884,151201
SG_Small,30,Conjunction,2,32995,21.8219,151201
SG_Small,30,Opposition,2,34635,22.9066,151201
SG_Small,30,Conjunction,3,12835,8.4887,151201
SG_Small,30,Opposition,3,12547,8.2982,151201
SG_Small,30,Conjunction,4,2929,1.9372,151201
SG_Small,30,Opposition,4,2884,1.9074,151201
SG_Small,30,Conjunction,5,456,0.3016,151201
SG_Small,30,Opposition,5,325,0.2149,151201
SG_Small,30,Conjunction,6,38,0.0251,151201
SG_Small,30,Opposition,6,16,0.0106,151201
SG_Small,30,Conjunction,7,0,0.0,151201
SG_Small,30,Opposition,7,0,0.0,151201
SG_Medium,1,Conjunction,0,83613,96.2363,86883
SG_Medium,1,Opposition,0,83504,96.1109,86883
SG_Medium,1,Conjunction,1,3208,3.6923,86883
SG_Medium,1,Opposition,1,3328,3.8304,86883
SG_Medium,1,Conjunction,2,62,0.0714,86883
SG_Medium,1,Opposition,2,50,0.0575,86883
SG_Medium,1,Conjunction,3,0,0.0,86883
SG_Medium,1,Opposition,3,1,0.0012,86883
SG_Medium,1,Conjunction,4,0,0.0,86883
SG_Medium,1,Opposition,4,0,0.0,86883
SG_Medium,1,Conjunction,5,0,0.0,86883
SG_Medium,1,Opposition,5,0,0.0,86883
SG_Medium,1,Conjunction,6,0,0.0,86883
SG_Medium,1,Opposition,6,0,0.0,86883
SG_Medium,1,Conjunction,7,0,0.0,86883
SG_Medium,1,Opposition,7,0,0.0,86883
SG_Medium,2,Conjunction,0,80373,92.5072,86883
SG_Medium,2,Opposition,0,80228,92.3403,86883
SG_Medium,2,Conjunction,1,6270,7.2166,86883
SG_Medium,2,Opposition,1,6435,7.4065,86883
SG_Medium,2,Conjunction,2,238,0.2739,86883
SG_Medium,2,Opposition,2,215,0.2475,86883
SG_Medium,2,Conjunction,3,2,0.0023,86883
SG_Medium,2,Opposition,3,5,0.0058,86883
SG_Medium,2,Conjunction,4,0,0.0,86883
SG_Medium,2,Opposition,4,0,0.0,86883
SG_Medium,2,Conjunction,5,0,0.0,86883
SG_Medium,2,Opposition,5,0,0.0,86883
SG_Medium,2,Conjunction,6,0,0.0,86883
SG_Medium,2,Opposition,6,0,0.0,86883
SG_Medium,2,Conjunction,7,0,0.0,86883
SG_Medium,2,Opposition,7,0,0.0,86883
SG_Medium,3,Conjunction,0,77242,88.9035,86883
SG_Medium,3,Opposition,0,77182,88.8344,86883
SG_Medium,3,Conjunction,1,9146,10.5268,86883
SG_Medium,3,Opposition,1,9215,10.6062,86883
SG_Medium,3,Conjunction,2,480,0.5525,86883
SG_Medium,3,Opposition,2,471,0.5421,86883
SG_Medium,3,Conjunction,3,15,0.0173,86883
SG_Medium,3,Opposition,3,15,0.0173,86883
SG_Medium,3,Conjunction,4,0,0.0,86883
SG_Medium,3,Opposition,4,0,0.0,86883
SG_Medium,3,Conjunction,5,0,0.0,86883
SG_Medium,3,Opposition,5,0,0.0,86883
SG_Medium,3,Conjunction,6,0,0.0,86883
SG_Medium,3,Opposition,6,0,0.0,86883
SG_Medium,3,Conjunction,7,0,0.0,86883
SG_Medium,3,Opposition,7,0,0.0,86883
SG_Medium,4,Conjunction,0,74209,85.4126,86883
SG_Medium,4,Opposition,0,74178,85.3769,86883
SG_Medium,4,Conjunction,1,11824,13.6091,86883
SG_Medium,4,Opposition,1,11859,13.6494,86883
SG_Medium,4,Conjunction,2,813,0.9357,86883
SG_Medium,4,Opposition,2,811,0.9334,86883
SG_Medium,4,Conjunction,3,37,0.0426,86883
SG_Medium,4,Opposition,3,35,0.0403,86883
SG_Medium,4,Conjunction,4,0,0.0,86883
SG_Medium,4,Opposition,4,0,0.0,86883
SG_Medium,4,Conjunction,5,0,0.0,86883
SG_Medium,4,Opposition,5,0,0.0,86883
SG_Medium,4,Conjunction,6,0,0.0,86883
SG_Medium,4,Opposition,6,0,0.0,86883
SG_Medium,4,Conjunction,7,0,0.0,86883
SG_Medium,4,Opposition,7,0,0.0,86883
SG_Medium,5,Conjunction,0,71317,82.084,86883
SG_Medium,5,Opposition,0,71310,82.0759,86883
SG_Medium,5,Conjunction,1,14257,16.4094,86883
SG_Medium,5,Opposition,1,14308,16.4681,86883
SG_Medium,5,Conjunction,2,1237,1.4238,86883
SG_Medium,5,Opposition,2,1208,1.3904,86883
SG_Medium,5,Conjunction,3,70,0.0806,86883
SG_Medium,5,Opposition,3,56,0.0645,86883
SG_Medium,5,Conjunction,4,2,0.0023,86883
SG_Medium,5,Opposition,4,1,0.0012,86883
SG_Medium,5,Conjunction,5,0,0.0,86883
SG_Medium,5,Opposition,5,0,0.0,86883
SG_Medium,5,Conjunction,6,0,0.0,86883
SG_Medium,5,Opposition,6,0,0.0,86883
SG_Medium,5,Conjunction,7,0,0.0,86883
SG_Medium,5,Opposition,7,0,0.0,86883
SG_Medium,6,Conjunction,0,68482,78.8209,86883
SG_Medium,6,Opposition,0,68491,78.8313,86883
SG_Medium,6,Conjunction,1,16536,19.0325,86883
SG_Medium,6,Opposition,1,16562,19.0624,86883
SG_Medium,6,Conjunction,2,1736,1.9981,86883
SG_Medium,6,Opposition,2,1726,1.9866,86883
SG_Medium,6,Conjunction,3,123,0.1416,86883
SG_Medium,6,Opposition,3,103,0.1186,86883
SG_Medium,6,Conjunction,4,6,0.0069,86883
SG_Medium,6,Opposition,4,1,0.0012,86883
SG_Medium,6,Conjunction,5,0,0.0,86883
SG_Medium,6,Opposition,5,0,0.0,86883
SG_Medium,6,Conjunction,6,0,0.0,86883
SG_Medium,6,Opposition,6,0,0.0,86883
SG_Medium,6,Conjunction,7,0,0.0,86883
SG_Medium,6,Opposition,7,0,0.0,86883
SG_Medium,7,Conjunction,0,65805,75.7398,86883
SG_Medium,7,Opposition,0,65870,75.8146,86883
SG_Medium,7,Conjunction,1,18607,21.4162,86883
SG_Medium,7,Opposition,1,18580,21.3851,86883
SG_Medium,7,Conjunction,2,2277,2.6208,86883
SG_Medium,7,Opposition,2,2257,2.5977,86883
SG_Medium,7,Conjunction,3,180,0.2072,86883
SG_Medium,7,Opposition,3,171,0.1968,86883
SG_Medium,7,Conjunction,4,14,0.0161,86883
SG_Medium,7,Opposition,4,5,0.0058,86883
SG_Medium,7,Conjunction,5,0,0.0,86883
SG_Medium,7,Opposition,5,0,0.0,86883
SG_Medium,7,Conjunction,6,0,0.0,86883
SG_Medium,7,Opposition,6,0,0.0,86883
SG_Medium,7,Conjunction,7,0,0.0,86883
SG_Medium,7,Opposition,7,0,0.0,86883
SG_Medium,8,Conjunction,0,63178,72.7162,86883
SG_Medium,8,Opposition,0,63356,72.9211,86883
SG_Medium,8,Conjunction,1,20540,23.641,86883
SG_Medium,8,Opposition,1,20418,23.5006,86883
SG_Medium,8,Conjunction,2,2856,3.2872,86883
SG_Medium,8,Opposition,2,2860,3.2918,86883
SG_Medium,8,Conjunction,3,291,0.3349,86883
SG_Medium,8,Opposition,3,241,0.2774,86883
SG_Medium,8,Conjunction,4,18,0.0207,86883
SG_Medium,8,Opposition,4,8,0.0092,86883
SG_Medium,8,Conjunction,5,0,0.0,86883
SG_Medium,8,Opposition,5,0,0.0,86883
SG_Medium,8,Conjunction,6,0,0.0,86883
SG_Medium,8,Opposition,6,0,0.0,86883
SG_Medium,8,Conjunction,7,0,0.0,86883
SG_Medium,8,Opposition,7,0,0.0,86883
SG_Medium,9,Conjunction,0,60639,69.7939,86883
SG_Medium,9,Opposition,0,60858,70.0459,86883
SG_Medium,9,Conjunction,1,22346,25.7196,86883
SG_Medium,9,Opposition,1,22126,25.4664,86883
SG_Medium,9,Conjunction,2,3480,4.0054,86883
SG_Medium,9,Opposition,2,3564,4.1021,86883
SG_Medium,9,Conjunction,3,391,0.45,86883
SG_Medium,9,Opposition,3,318,0.366,86883
SG_Medium,9,Conjunction,4,27,0.0311,86883
SG_Medium,9,Opposition,4,17,0.0196,86883
SG_Medium,9,Conjunction,5,0,0.0,86883
SG_Medium,9,Opposition,5,0,0.0,86883
SG_Medium,9,Conjunction,6,0,0.0,86883
SG_Medium,9,Opposition,6,0,0.0,86883
SG_Medium,9,Conjunction,7,0,0.0,86883
SG_Medium,9,Opposition,7,0,0.0,86883
SG_Medium,10,Conjunction,0,58254,67.0488,86883
SG_Medium,10,Opposition,0,58394,67.2099,86883
SG_Medium,10,Conjunction,1,23896,27.5037,86883
SG_Medium,10,Opposition,1,23758,27.3448,86883
SG_Medium,10,Conjunction,2,4169,4.7984,86883
SG_Medium,10,Opposition,2,4268,4.9124,86883
SG_Medium,10,Conjunction,3,527,0.6066,86883
SG_Medium,10,Opposition,3,438,0.5041,86883
SG_Medium,10,Conjunction,4,35,0.0403,86883
SG_Medium,10,Opposition,4,23,0.0265,86883
SG_Medium,10,Conjunction,5,2,0.0023,86883
SG_Medium,10,Opposition,5,2,0.0023,86883
SG_Medium,10,Conjunction,6,0,0.0,86883
SG_Medium,10,Opposition,6,0,0.0,86883
SG_Medium,10,Conjunction,7,0,0.0,86883
SG_Medium,10,Opposition,7,0,0.0,86883
SG_Medium,11,Conjunction,0,55897,64.3359,86883
SG_Medium,11,Opposition,0,56114,64.5857,86883
SG_Medium,11,Conjunction,1,25390,29.2232,86883
SG_Medium,11,Opposition,1,25109,28.8998,86883
SG_Medium,11,Conjunction,2,4871,5.6064,86883
SG_Medium,11,Opposition,2,5046,5.8078,86883
SG_Medium,11,Conjunction,3,673,0.7746,86883
SG_Medium,11,Opposition,3,578,0.6653,86883
SG_Medium,11,Conjunction,4,49,0.0564,86883
SG_Medium,11,Opposition,4,34,0.0391,86883
SG_Medium,11,Conjunction,5,3,0.0035,86883
SG_Medium,11,Opposition,5,2,0.0023,86883
SG_Medium,11,Conjunction,6,0,0.0,86883
SG_Medium,11,Opposition,6,0,0.0,86883
SG_Medium,11,Conjunction,7,0,0.0,86883
SG_Medium,11,Opposition,7,0,0.0,86883
SG_Medium,12,Conjunction,0,53650,61.7497,86883
SG_Medium,12,Opposition,0,53708,61.8165,86883
SG_Medium,12,Conjunction,1,26747,30.7851,86883
SG_Medium,12,Opposition,1,26528,30.533,86883
SG_Medium,12,Conjunction,2,5551,6.3891,86883
SG_Medium,12,Opposition,2,5870,6.7562,86883
SG_Medium,12,Conjunction,3,863,0.9933,86883
SG_Medium,12,Opposition,3,716,0.8241,86883
SG_Medium,12,Conjunction,4,67,0.0771,86883
SG_Medium,12,Opposition,4,59,0.0679,86883
SG_Medium,12,Conjunction,5,5,0.0058,86883
SG_Medium,12,Opposition,5,2,0.0023,86883
SG_Medium,12,Conjunction,6,0,0.0,86883
SG_Medium,12,Opposition,6,0,0.0,86883
SG_Medium,12,Conjunction,7,0,0.0,86883
SG_Medium,12,Opposition,7,0,0.0,86883
SG_Medium,13,Conjunction,0,51565,59.3499,86883
SG_Medium,13,Opposition,0,51478,59.2498,86883
SG_Medium,13,Conjunction,1,27798,31.9948,86883
SG_Medium,13,Opposition,1,27759,31.9499,86883
SG_Medium,13,Conjunction,2,6364,7.3248,86883
SG_Medium,13,Opposition,2,6648,7.6517,86883
SG_Medium,13,Conjunction,3,1059,1.2189,86883
SG_Medium,13,Opposition,3,913,1.0508,86883
SG_Medium,13,Conjunction,4,89,0.1024,86883
SG_Medium,13,Opposition,4,83,0.0955,86883
SG_Medium,13,Conjunction,5,8,0.0092,86883
SG_Medium,13,Opposition,5,2,0.0023,86883
SG_Medium,13,Conjunction,6,0,0.0,86883
SG_Medium,13,Opposition,6,0,0.0,86883
SG_Medium,13,Conjunction,7,0,0.0,86883
SG_Medium,13,Opposition,7,0,0.0,86883
SG_Medium,14,Conjunction,0,49370,56.8235,86883
SG_Medium,14,Opposition,0,49403,56.8615,86883
SG_Medium,14,Conjunction,1,28992,33.369,86883
SG_Medium,14,Opposition,1,28756,33.0974,86883
SG_Medium,14,Conjunction,2,7128,8.2041,86883
SG_Medium,14,Opposition,2,7496,8.6277,86883
SG_Medium,14,Conjunction,3,1270,1.4617,86883
SG_Medium,14,Opposition,3,1107,1.2741,86883
SG_Medium,14,Conjunction,4,110,0.1266,86883
SG_Medium,14,Opposition,4,115,0.1324,86883
SG_Medium,14,Conjunction,5,13,0.015,86883
SG_Medium,14,Opposition,5,6,0.0069,86883
SG_Medium,14,Conjunction,6,0,0.0,86883
SG_Medium,14,Opposition,6,0,0.0,86883
SG_Medium,14,Conjunction,7,0,0.0,86883
SG_Medium,14,Opposition,7,0,0.0,86883
SG_Medium,15,Conjunction,0,47423,54.5826,86883
SG_Medium,15,Opposition,0,47319,54.4629,86883
SG_Medium,15,Conjunction,1,29848,34.3542,86883
SG_Medium,15,Opposition,1,29790,34.2875,86883
SG_Medium,15,Conjunction,2,7913,9.1077,86883
SG_Medium,15,Opposition,2,8315,9.5703,86883
SG_Medium,15,Conjunction,3,1538,1.7702,86883
SG_Medium,15,Opposition,3,1311,1.5089,86883
SG_Medium,15,Conjunction,4,145,0.1669,86883
SG_Medium,15,Opposition,4,140,0.1611,86883
SG_Medium,15,Conjunction,5,16,0.0184,86883
SG_Medium,15,Opposition,5,8,0.0092,86883
SG_Medium,15,Conjunction,6,0,0.0,86883
SG_Medium,15,Opposition,6,0,0.0,86883
SG_Medium,15,Conjunction,7,0,0.0,86883
SG_Medium,15,Opposition,7,0,0.0,86883
SG_Medium,16,Conjunction,0,45540,52.4153,86883
SG_Medium,16,Opposition,0,45415,52.2714,86883
SG_Medium,16,Conjunction,1,30623,35.2463,86883
SG_Medium,16,Opposition,1,30567,35.1818,86883
SG_Medium,16,Conjunction,2,8727,10.0445,86883
SG_Medium,16,Opposition,2,9178,10.5636,86883
SG_Medium,16,Conjunction,3,1791,2.0614,86883
SG_Medium,16,Opposition,3,1528,1.7587,86883
SG_Medium,16,Conjunction,4,182,0.2095,86883
SG_Medium,16,Opposition,4,185,0.2129,86883
SG_Medium,16,Conjunction,5,20,0.023,86883
SG_Medium,16,Opposition,5,10,0.0115,86883
SG_Medium,16,Conjunction,6,0,0.0,86883
SG_Medium,16,Opposition,6,0,0.0,86883
SG_Medium,16,Conjunction,7,0,0.0,86883
SG_Medium,16,Opposition,7,0,0.0,86883
SG_Medium,17,Conjunction,0,43679,50.2734,86883
SG_Medium,17,Opposition,0,43547,50.1214,86883
SG_Medium,17,Conjunction,1,31317,36.045,86883
SG_Medium,17,Opposition,1,31267,35.9875,86883
SG_Medium,17,Conjunction,2,9607,11.0574,86883
SG_Medium,17,Opposition,2,10035,11.55,86883
SG_Medium,17,Conjunction,3,2017,2.3215,86883
SG_Medium,17,Opposition,3,1794,2.0648,86883
SG_Medium,17,Conjunction,4,242,0.2785,86883
SG_Medium,17,Opposition,4,227,0.2613,86883
SG_Medium,17,Conjunction,5,21,0.0242,86883
SG_Medium,17,Opposition,5,13,0.015,86883
SG_Medium,17,Conjunction,6,0,0.0,86883
SG_Medium,17,Opposition,6,0,0.0,86883
SG_Medium,17,Conjunction,7,0,0.0,86883
SG_Medium,17,Opposition,7,0,0.0,86883
SG_Medium,18,Conjunction,0,41901,48.2269,86883
SG_Medium,18,Opposition,0,41737,48.0382,86883
SG_Medium,18,Conjunction,1,31934,36.7552,86883
SG_Medium,18,Opposition,1,31899,36.7149,86883
SG_Medium,18,Conjunction,2,10424,11.9977,86883
SG_Medium,18,Opposition,2,10886,12.5295,86883
SG_Medium,18,Conjunction,3,2306,2.6541,86883
SG_Medium,18,Opposition,3,2053,2.3629,86883
SG_Medium,18,Conjunction,4,291,0.3349,86883
SG_Medium,18,Opposition,4,290,0.3338,86883
SG_Medium,18,Conjunction,5,27,0.0311,86883
SG_Medium,18,Opposition,5,18,0.0207,86883
SG_Medium,18,Conjunction,6,0,0.0,86883
SG_Medium,18,Opposition,6,0,0.0,86883
SG_Medium,18,Conjunction,7,0,0.0,86883
SG_Medium,18,Opposition,7,0,0.0,86883
SG_Medium,19,Conjunction,0,40241,46.3163,86883
SG_Medium,19,Opposition,0,40046,46.0919,86883
SG_Medium,19,Conjunction,1,32366,37.2524,86883
SG_Medium,19,Opposition,1,32379,37.2674,86883
SG_Medium,19,Conjunction,2,11259,12.9588,86883
SG_Medium,19,Opposition,2,11765,13.5412,86883
SG_Medium,19,Conjunction,3,2636,3.034,86883
SG_Medium,19,Opposition,3,2327,2.6783,86883
SG_Medium,19,Conjunction,4,347,0.3994,86883
SG_Medium,19,Opposition,4,345,0.3971,86883
SG_Medium,19,Conjunction,5,34,0.0391,86883
SG_Medium,19,Opposition,5,21,0.0242,86883
SG_Medium,19,Conjunction,6,0,0.0,86883
SG_Medium,19,Opposition,6,0,0.0,86883
SG_Medium,19,Conjunction,7,0,0.0,86883
SG_Medium,19,Opposition,7,0,0.0,86883
SG_Medium,20,Conjunction,0,38553,44.3735,86883
SG_Medium,20,Opposition,0,38396,44.1928,86883
SG_Medium,20,Conjunction,1,32842,37.8003,86883
SG_Medium,20,Opposition,1,32794,37.745,86883
SG_Medium,20,Conjunction,2,12063,13.8842,86883
SG_Medium,20,Opposition,2,12598,14.5,86883
SG_Medium,20,Conjunction,3,2974,3.423,86883
SG_Medium,20,Opposition,3,2667,3.0696,86883
SG_Medium,20,Conjunction,4,409,0.4707,86883
SG_Medium,20,Opposition,4,400,0.4604,86883
SG_Medium,20,Conjunction,5,42,0.0483,86883
SG_Medium,20,Opposition,5,28,0.0322,86883
SG_Medium,20,Conjunction,6,0,0.0,86883
SG_Medium,20,Opposition,6,0,0.0,86883
SG_Medium,20,Conjunction,7,0,0.0,86883
SG_Medium,20,Opposition,7,0,0.0,86883
SG_Medium,21,Conjunction,0,36970,42.5515,86883
SG_Medium,21,Opposition,0,36767,42.3178,86883
SG_Medium,21,Conjunction,1,33103,38.1007,86883
SG_Medium,21,Opposition,1,33199,38.2112,86883
SG_Medium,21,Conjunction,2,12913,14.8625,86883
SG_Medium,21,Opposition,2,13407,15.4311,86883
SG_Medium,21,Conjunction,3,3374,3.8834,86883
SG_Medium,21,Opposition,3,3017,3.4725,86883
SG_Medium,21,Conjunction,4,473,0.5444,86883
SG_Medium,21,Opposition,4,458,0.5271,86883
SG_Medium,21,Conjunction,5,49,0.0564,86883
SG_Medium,21,Opposition,5,35,0.0403,86883
SG_Medium,21,Conjunction,6,1,0.0012,86883
SG_Medium,21,Opposition,6,0,0.0,86883
SG_Medium,21,Conjunction,7,0,0.0,86883
SG_Medium,21,Opposition,7,0,0.0,86883
SG_Medium,22,Conjunction,0,35467,40.8216,86883
SG_Medium,22,Opposition,0,35315,40.6466,86883
SG_Medium,22,Conjunction,1,33313,38.3424,86883
SG_Medium,22,Opposition,1,33351,38.3861,86883
SG_Medium,22,Conjunction,2,13744,15.819,86883
SG_Medium,22,Opposition,2,14250,16.4014,86883
SG_Medium,22,Conjunction,3,3742,4.3069,86883
SG_Medium,22,Opposition,3,3404,3.9179,86883
SG_Medium,22,Conjunction,4,553,0.6365,86883
SG_Medium,22,Opposition,4,519,0.5974,86883
SG_Medium,22,Conjunction,5,62,0.0714,86883
SG_Medium,22,Opposition,5,44,0.0506,86883
SG_Medium,22,Conjunction,6,2,0.0023,86883
SG_Medium,22,Opposition,6,0,0.0,86883
SG_Medium,22,Conjunction,7,0,0.0,86883
SG_Medium,22,Opposition,7,0,0.0,86883
SG_Medium,23,Conjunction,0,34000,39.1331,86883
SG_Medium,23,Opposition,0,33865,38.9777,86883
SG_Medium,23,Conjunction,1,33436,38.4839,86883
SG_Medium,23,Opposition,1,33484,38.5392,86883
SG_Medium,23,Conjunction,2,14621,16.8284,86883
SG_Medium,23,Opposition,2,15038,17.3083,86883
SG_Medium,23,Conjunction,3,4122,4.7443,86883
SG_Medium,23,Opposition,3,3841,4.4209,86883
SG_Medium,23,Conjunction,4,629,0.724,86883
SG_Medium,23,Opposition,4,604,0.6952,86883
SG_Medium,23,Conjunction,5,72,0.0829,86883
SG_Medium,23,Opposition,5,51,0.0587,86883
SG_Medium,23,Conjunction,6,3,0.0035,86883
SG_Medium,23,Opposition,6,0,0.0,86883
SG_Medium,23,Conjunction,7,0,0.0,86883
SG_Medium,23,Opposition,7,0,0.0,86883
SG_Medium,24,Conjunction,0,32554,37.4688,86883
SG_Medium,24,Opposition,0,32529,37.44,86883
SG_Medium,24,Conjunction,1,33554,38.6198,86883
SG_Medium,24,Opposition,1,33437,38.4851,86883
SG_Medium,24,Conjunction,2,15424,17.7526,86883
SG_Medium,24,Opposition,2,15894,18.2936,86883
SG_Medium,24,Conjunction,3,4523,5.2059,86883
SG_Medium,24,Opposition,3,4289,4.9365,86883
SG_Medium,24,Conjunction,4,741,0.8529,86883
SG_Medium,24,Opposition,4,673,0.7746,86883
SG_Medium,24,Conjunction,5,81,0.0932,86883
SG_Medium,24,Opposition,5,61,0.0702,86883
SG_Medium,24,Conjunction,6,6,0.0069,86883
SG_Medium,24,Opposition,6,0,0.0,86883
SG_Medium,24,Conjunction,7,0,0.0,86883
SG_Medium,24,Opposition,7,0,0.0,86883
SG_Medium,25,Conjunction,0,31154,35.8574,86883
SG_Medium,25,Opposition,0,31134,35.8344,86883
SG_Medium,25,Conjunction,1,33676,38.7602,86883
SG_Medium,25,Opposition,1,33503,38.5611,86883
SG_Medium,25,Conjunction,2,16128,18.5629,86883
SG_Medium,25,Opposition,2,16686,19.2051,86883
SG_Medium,25,Conjunction,3,4980,5.7318,86883
SG_Medium,25,Opposition,3,4715,5.4268,86883
SG_Medium,25,Conjunction,4,842,0.9691,86883
SG_Medium,25,Opposition,4,764,0.8793,86883
SG_Medium,25,Conjunction,5,94,0.1082,86883
SG_Medium,25,Opposition,5,80,0.0921,86883
SG_Medium,25,Conjunction,6,9,0.0104,86883
SG_Medium,25,Opposition,6,1,0.0012,86883
SG_Medium,25,Conjunction,7,0,0.0,86883
SG_Medium,25,Opposition,7,0,0.0,86883
SG_Medium,26,Conjunction,0,29840,34.345,86883
SG_Medium,26,Opposition,0,29814,34.3151,86883
SG_Medium,26,Conjunction,1,33672,38.7556,86883
SG_Medium,26,Opposition,1,33393,38.4344,86883
SG_Medium,26,Conjunction,2,16869,19.4158,86883
SG_Medium,26,Opposition,2,17488,20.1282,86883
SG_Medium,26,Conjunction,3,5406,6.2222,86883
SG_Medium,26,Opposition,3,5214,6.0012,86883
SG_Medium,26,Conjunction,4,966,1.1118,86883
SG_Medium,26,Opposition,4,879,1.0117,86883
SG_Medium,26,Conjunction,5,117,0.1347,86883
SG_Medium,26,Opposition,5,94,0.1082,86883
SG_Medium,26,Conjunction,6,13,0.015,86883
SG_Medium,26,Opposition,6,1,0.0012,86883
SG_Medium,26,Conjunction,7,0,0.0,86883
SG_Medium,26,Opposition,7,0,0.0,86883
SG_Medium,27,Conjunction,0,28577,32.8914,86883
SG_Medium,27,Opposition,0,28560,32.8718,86883
SG_Medium,27,Conjunction,1,33572,38.6405,86883
SG_Medium,27,Opposition,1,33314,38.3435,86883
SG_Medium,27,Conjunction,2,17605,20.2629,86883
SG_Medium,27,Opposition,2,18188,20.9339,86883
SG_Medium,27,Conjunction,3,5872,6.7585,86883
SG_Medium,27,Opposition,3,5705,6.5663,86883
SG_Medium,27,Conjunction,4,1106,1.273,86883
SG_Medium,27,Opposition,4,1007,1.159,86883
SG_Medium,27,Conjunction,5,133,0.1531,86883
SG_Medium,27,Opposition,5,108,0.1243,86883
SG_Medium,27,Conjunction,6,18,0.0207,86883
SG_Medium,27,Opposition,6,1,0.0012,86883
SG_Medium,27,Conjunction,7,0,0.0,86883
SG_Medium,27,Opposition,7,0,0.0,86883
SG_Medium,28,Conjunction,0,27362,31.4929,86883
SG_Medium,28,Opposition,0,27360,31.4906,86883
SG_Medium,28,Conjunction,1,33522,38.5829,86883
SG_Medium,28,Opposition,1,33123,38.1237,86883
SG_Medium,28,Conjunction,2,18218,20.9684,86883
SG_Medium,28,Opposition,2,18937,21.796,86883
SG_Medium,28,Conjunction,3,6358,7.3179,86883
SG_Medium,28,Opposition,3,6206,7.1429,86883
SG_Medium,28,Conjunction,4,1252,1.441,86883
SG_Medium,28,Opposition,4,1132,1.3029,86883
SG_Medium,28,Conjunction,5,149,0.1715,86883
SG_Medium,28,Opposition,5,122,0.1404,86883
SG_Medium,28,Conjunction,6,22,0.0253,86883
SG_Medium,28,Opposition,6,3,0.0035,86883
SG_Medium,28,Conjunction,7,0,0.0,86883
SG_Medium,28,Opposition,7,0,0.0,86883
SG_Medium,29,Conjunction,0,26196,30.1509,86883
SG_Medium,29,Opposition,0,26093,30.0323,86883
SG_Medium,29,Conjunction,1,33440,38.4885,86883
SG_Medium,29,Opposition,1,33050,38.0397,86883
SG_Medium,29,Conjunction,2,18760,21.5923,86883
SG_Medium,29,Opposition,2,19608,22.5683,86883
SG_Medium,29,Conjunction,3,6853,7.8876,86883
SG_Medium,29,Opposition,3,6705,7.7173,86883
SG_Medium,29,Conjunction,4,1435,1.6516,86883
SG_Medium,29,Opposition,4,1291,1.4859,86883
SG_Medium,29,Conjunction,5,175,0.2014,86883
SG_Medium,29,Opposition,5,132,0.1519,86883
SG_Medium,29,Conjunction,6,24,0.0276,86883
SG_Medium,29,Opposition,6,4,0.0046,86883
SG_Medium,29,Conjunction,7,0,0.0,86883
SG_Medium,29,Opposition,7,0,0.0,86883
SG_Medium,30,Conjunction,0,25045,28.8261,86883
SG_Medium,30,Opposition,0,25007,28.7824,86883
SG_Medium,30,Conjunction,1,33290,38.3159,86883
SG_Medium,30,Opposition,1,32773,37.7208,86883
SG_Medium,30,Conjunction,2,19347,22.2679,86883
SG_Medium,30,Opposition,2,20253,23.3107,86883
SG_Medium,30,Conjunction,3,7325,8.4309,86883
SG_Medium,30,Opposition,3,7213,8.302,86883
SG_Medium,30,Conjunction,4,1648,1.8968,86883
SG_Medium,30,Opposition,4,1481,1.7046,86883
SG_Medium,30,Conjunction,5,200,0.2302,86883
SG_Medium,30,Opposition,5,152,0.1749,86883
SG_Medium,30,Conjunction,6,28,0.0322,86883
SG_Medium,30,Opposition,6,4,0.0046,86883
SG_Medium,30,Conjunction,7,0,0.0,86883
SG_Medium,30,Opposition,7,0,0.0,86883
SG_Large,1,Conjunction,0,17402,96.0906,18110
SG_Large,1,Opposition,0,17424,96.212,18110
SG_Large,1,Conjunction,1,696,3.8432,18110
SG_Large,1,Opposition,1,672,3.7107,18110
SG_Large,1,Conjunction,2,12,0.0663,18110
SG_Large,1,Opposition,2,14,0.0773,18110
SG_Large,1,Conjunction,3,0,0.0,18110
SG_Large,1,Opposition,3,0,0.0,18110
SG_Large,1,Conjunction,4,0,0.0,18110
SG_Large,1,Opposition,4,0,0.0,18110
SG_Large,1,Conjunction,5,0,0.0,18110
SG_Large,1,Opposition,5,0,0.0,18110
SG_Large,1,Conjunction,6,0,0.0,18110
SG_Large,1,Opposition,6,0,0.0,18110
SG_Large,1,Conjunction,7,0,0.0,18110
SG_Large,1,Opposition,7,0,0.0,18110
SG_Large,2,Conjunction,0,16689,92.1535,18110
SG_Large,2,Opposition,0,16708,92.2584,18110
SG_Large,2,Conjunction,1,1374,7.587,18110
SG_Large,2,Opposition,1,1338,7.3882,18110
SG_Large,2,Conjunction,2,45,0.2485,18110
SG_Large,2,Opposition,2,63,0.3479,18110
SG_Large,2,Conjunction,3,2,0.011,18110
SG_Large,2,Opposition,3,1,0.0055,18110
SG_Large,2,Conjunction,4,0,0.0,18110
SG_Large,2,Opposition,4,0,0.0,18110
SG_Large,2,Conjunction,5,0,0.0,18110
SG_Large,2,Opposition,5,0,0.0,18110
SG_Large,2,Conjunction,6,0,0.0,18110
SG_Large,2,Opposition,6,0,0.0,18110
SG_Large,2,Conjunction,7,0,0.0,18110
SG_Large,2,Opposition,7,0,0.0,18110
SG_Large,3,Conjunction,0,16077,88.7742,18110
SG_Large,3,Opposition,0,16079,88.7852,18110
SG_Large,3,Conjunction,1,1926,10.635,18110
SG_Large,3,Opposition,1,1911,10.5522,18110
SG_Large,3,Conjunction,2,102,0.5632,18110
SG_Large,3,Opposition,2,116,0.6405,18110
SG_Large,3,Conjunction,3,5,0.0276,18110
SG_Large,3,Opposition,3,4,0.0221,18110
SG_Large,3,Conjunction,4,0,0.0,18110
SG_Large,3,Opposition,4,0,0.0,18110
SG_Large,3,Conjunction,5,0,0.0,18110
SG_Large,3,Opposition,5,0,0.0,18110
SG_Large,3,Conjunction,6,0,0.0,18110
SG_Large,3,Opposition,6,0,0.0,18110
SG_Large,3,Conjunction,7,0,0.0,18110
SG_Large,3,Opposition,7,0,0.0,18110
SG_Large,4,Conjunction,0,15426,85.1795,18110
SG_Large,4,Opposition,0,15458,85.3562,18110
SG_Large,4,Conjunction,1,2490,13.7493,18110
SG_Large,4,Opposition,1,2454,13.5505,18110
SG_Large,4,Conjunction,2,181,0.9994,18110
SG_Large,4,Opposition,2,187,1.0326,18110
SG_Large,4,Conjunction,3,13,0.0718,18110
SG_Large,4,Opposition,3,11,0.0607,18110
SG_Large,4,Conjunction,4,0,0.0,18110
SG_Large,4,Opposition,4,0,0.0,18110
SG_Large,4,Conjunction,5,0,0.0,18110
SG_Large,4,Opposition,5,0,0.0,18110
SG_Large,4,Conjunction,6,0,0.0,18110
SG_Large,4,Opposition,6,0,0.0,18110
SG_Large,4,Conjunction,7,0,0.0,18110
SG_Large,4,Opposition,7,0,0.0,18110
SG_Large,5,Conjunction,0,14867,82.0928,18110
SG_Large,5,Opposition,0,14861,82.0596,18110
SG_Large,5,Conjunction,1,2967,16.3832,18110
SG_Large,5,Opposition,1,2961,16.3501,18110
SG_Large,5,Conjunction,2,257,1.4191,18110
SG_Large,5,Opposition,2,274,1.513,18110
SG_Large,5,Conjunction,3,19,0.1049,18110
SG_Large,5,Opposition,3,14,0.0773,18110
SG_Large,5,Conjunction,4,0,0.0,18110
SG_Large,5,Opposition,4,0,0.0,18110
SG_Large,5,Conjunction,5,0,0.0,18110
SG_Large,5,Opposition,5,0,0.0,18110
SG_Large,5,Conjunction,6,0,0.0,18110
SG_Large,5,Opposition,6,0,0.0,18110
SG_Large,5,Conjunction,7,0,0.0,18110
SG_Large,5,Opposition,7,0,0.0,18110
SG_Large,6,Conjunction,0,14298,78.9509,18110
SG_Large,6,Opposition,0,14290,78.9067,18110
SG_Large,6,Conjunction,1,3425,18.9122,18110
SG_Large,6,Opposition,1,3417,18.868,18110
SG_Large,6,Conjunction,2,360,1.9879,18110
SG_Large,6,Opposition,2,373,2.0596,18110
SG_Large,6,Conjunction,3,27,0.1491,18110
SG_Large,6,Opposition,3,29,0.1601,18110
SG_Large,6,Conjunction,4,0,0.0,18110
SG_Large,6,Opposition,4,1,0.0055,18110
SG_Large,6,Conjunction,5,0,0.0,18110
SG_Large,6,Opposition,5,0,0.0,18110
SG_Large,6,Conjunction,6,0,0.0,18110
SG_Large,6,Opposition,6,0,0.0,18110
SG_Large,6,Conjunction,7,0,0.0,18110
SG_Large,6,Opposition,7,0,0.0,18110
SG_Large,7,Conjunction,0,13717,75.7427,18110
SG_Large,7,Opposition,0,13731,75.82,18110
SG_Large,7,Conjunction,1,3871,21.3749,18110
SG_Large,7,Opposition,1,3848,21.2479,18110
SG_Large,7,Conjunction,2,478,2.6394,18110
SG_Large,7,Opposition,2,482,2.6615,18110
SG_Large,7,Conjunction,3,43,0.2374,18110
SG_Large,7,Opposition,3,46,0.254,18110
SG_Large,7,Conjunction,4,1,0.0055,18110
SG_Large,7,Opposition,4,3,0.0166,18110
SG_Large,7,Conjunction,5,0,0.0,18110
SG_Large,7,Opposition,5,0,0.0,18110
SG_Large,7,Conjunction,6,0,0.0,18110
SG_Large,7,Opposition,6,0,0.0,18110
SG_Large,7,Conjunction,7,0,0.0,18110
SG_Large,7,Opposition,7,0,0.0,18110
SG_Large,8,Conjunction,0,13207,72.9266,18110
SG_Large,8,Opposition,0,13207,72.9266,18110
SG_Large,8,Conjunction,1,4243,23.429,18110
SG_Large,8,Opposition,1,4238,23.4014,18110
SG_Large,8,Conjunction,2,592,3.2689,18110
SG_Large,8,Opposition,2,604,3.3352,18110
SG_Large,8,Conjunction,3,67,0.37,18110
SG_Large,8,Opposition,3,57,0.3147,18110
SG_Large,8,Conjunction,4,1,0.0055,18110
SG_Large,8,Opposition,4,3,0.0166,18110
SG_Large,8,Conjunction,5,0,0.0,18110
SG_Large,8,Opposition,5,1,0.0055,18110
SG_Large,8,Conjunction,6,0,0.0,18110
SG_Large,8,Opposition,6,0,0.0,18110
SG_Large,8,Conjunction,7,0,0.0,18110
SG_Large,8,Opposition,7,0,0.0,18110
SG_Large,9,Conjunction,0,12662,69.9172,18110
SG_Large,9,Opposition,0,12677,70.0,18110
SG_Large,9,Conjunction,1,4642,25.6322,18110
SG_Large,9,Opposition,1,4613,25.4721,18110
SG_Large,9,Conjunction,2,719,3.9702,18110
SG_Large,9,Opposition,2,733,4.0475,18110
SG_Large,9,Conjunction,3,84,0.4638,18110
SG_Large,9,Opposition,3,82,0.4528,18110
SG_Large,9,Conjunction,4,3,0.0166,18110
SG_Large,9,Opposition,4,4,0.0221,18110
SG_Large,9,Conjunction,5,0,0.0,18110
SG_Large,9,Opposition,5,1,0.0055,18110
SG_Large,9,Conjunction,6,0,0.0,18110
SG_Large,9,Opposition,6,0,0.0,18110
SG_Large,9,Conjunction,7,0,0.0,18110
SG_Large,9,Opposition,7,0,0.0,18110
SG_Large,10,Conjunction,0,12157,67.1287,18110
SG_Large,10,Opposition,0,12194,67.333,18110
SG_Large,10,Conjunction,1,4982,27.5097,18110
SG_Large,10,Opposition,1,4942,27.2888,18110
SG_Large,10,Conjunction,2,855,4.7211,18110
SG_Large,10,Opposition,2,869,4.7985,18110
SG_Large,10,Conjunction,3,108,0.5964,18110
SG_Large,10,Opposition,3,98,0.5411,18110
SG_Large,10,Conjunction,4,8,0.0442,18110
SG_Large,10,Opposition,4,6,0.0331,18110
SG_Large,10,Conjunction,5,0,0.0,18110
SG_Large,10,Opposition,5,1,0.0055,18110
SG_Large,10,Conjunction,6,0,0.0,18110
SG_Large,10,Opposition,6,0,0.0,18110
SG_Large,10,Conjunction,7,0,0.0,18110
SG_Large,10,Opposition,7,0,0.0,18110
SG_Large,11,Conjunction,0,11673,64.4561,18110
SG_Large,11,Opposition,0,11661,64.3898,18110
SG_Large,11,Conjunction,1,5287,29.1938,18110
SG_Large,11,Opposition,1,5262,29.0558,18110
SG_Large,11,Conjunction,2,1009,5.5715,18110
SG_Large,11,Opposition,2,1053,5.8145,18110
SG_Large,11,Conjunction,3,133,0.7344,18110
SG_Large,11,Opposition,3,121,0.6681,18110
SG_Large,11,Conjunction,4,8,0.0442,18110
SG_Large,11,Opposition,4,12,0.0663,18110
SG_Large,11,Conjunction,5,0,0.0,18110
SG_Large,11,Opposition,5,1,0.0055,18110
SG_Large,11,Conjunction,6,0,0.0,18110
SG_Large,11,Opposition,6,0,0.0,18110
SG_Large,11,Conjunction,7,0,0.0,18110
SG_Large,11,Opposition,7,0,0.0,18110
SG_Large,12,Conjunction,0,11234,62.032,18110
SG_Large,12,Opposition,0,11196,61.8222,18110
SG_Large,12,Conjunction,1,5550,30.6461,18110
SG_Large,12,Opposition,1,5554,30.6681,18110
SG_Large,12,Conjunction,2,1138,6.2838,18110
SG_Large,12,Opposition,2,1185,6.5433,18110
SG_Large,12,Conjunction,3,178,0.9829,18110
SG_Large,12,Opposition,3,159,0.878,18110
SG_Large,12,Conjunction,4,10,0.0552,18110
SG_Large,12,Opposition,4,15,0.0828,18110
SG_Large,12,Conjunction,5,0,0.0,18110
SG_Large,12,Opposition,5,1,0.0055,18110
SG_Large,12,Conjunction,6,0,0.0,18110
SG_Large,12,Opposition,6,0,0.0,18110
SG_Large,12,Conjunction,7,0,0.0,18110
SG_Large,12,Opposition,7,0,0.0,18110
SG_Large,13,Conjunction,0,10752,59.3705,18110
SG_Large,13,Opposition,0,10735,59.2766,18110
SG_Large,13,Conjunction,1,5832,32.2032,18110
SG_Large,13,Opposition,1,5799,32.021,18110
SG_Large,13,Conjunction,2,1280,7.0679,18110
SG_Large,13,Opposition,2,1360,7.5097,18110
SG_Large,13,Conjunction,3,233,1.2866,18110
SG_Large,13,Opposition,3,197,1.0878,18110
SG_Large,13,Conjunction,4,13,0.0718,18110
SG_Large,13,Opposition,4,18,0.0994,18110
SG_Large,13,Conjunction,5,0,0.0,18110
SG_Large,13,Opposition,5,1,0.0055,18110
SG_Large,13,Conjunction,6,0,0.0,18110
SG_Large,13,Opposition,6,0,0.0,18110
SG_Large,13,Conjunction,7,0,0.0,18110
SG_Large,13,Opposition,7,0,0.0,18110
SG_Large,14,Conjunction,0,10329,57.0348,18110
SG_Large,14,Opposition,0,10299,56.8691,18110
SG_Large,14,Conjunction,1,6016,33.2192,18110
SG_Large,14,Opposition,1,6032,33.3076,18110
SG_Large,14,Conjunction,2,1465,8.0895,18110
SG_Large,14,Opposition,2,1503,8.2993,18110
SG_Large,14,Conjunction,3,279,1.5406,18110
SG_Large,14,Opposition,3,249,1.3749,18110
SG_Large,14,Conjunction,4,21,0.116,18110
SG_Large,14,Opposition,4,25,0.138,18110
SG_Large,14,Conjunction,5,0,0.0,18110
SG_Large,14,Opposition,5,2,0.011,18110
SG_Large,14,Conjunction,6,0,0.0,18110
SG_Large,14,Opposition,6,0,0.0,18110
SG_Large,14,Conjunction,7,0,0.0,18110
SG_Large,14,Opposition,7,0,0.0,18110
SG_Large,15,Conjunction,0,9879,54.55,18110
SG_Large,15,Opposition,0,9867,54.4837,18110
SG_Large,15,Conjunction,1,6261,34.5721,18110
SG_Large,15,Opposition,1,6231,34.4064,18110
SG_Large,15,Conjunction,2,1603,8.8515,18110
SG_Large,15,Opposition,2,1675,9.249,18110
SG_Large,15,Conjunction,3,337,1.8609,18110
SG_Large,15,Opposition,3,302,1.6676,18110
SG_Large,15,Conjunction,4,29,0.1601,18110
SG_Large,15,Opposition,4,33,0.1822,18110
SG_Large,15,Conjunction,5,1,0.0055,18110
SG_Large,15,Opposition,5,2,0.011,18110
SG_Large,15,Conjunction,6,0,0.0,18110
SG_Large,15,Opposition,6,0,0.0,18110
SG_Large,15,Conjunction,7,0,0.0,18110
SG_Large,15,Opposition,7,0,0.0,18110
SG_Large,16,Conjunction,0,9476,52.3247,18110
SG_Large,16,Opposition,0,9443,52.1425,18110
SG_Large,16,Conjunction,1,6433,35.5218,18110
SG_Large,16,Opposition,1,6438,35.5494,18110
SG_Large,16,Conjunction,2,1777,9.8123,18110
SG_Large,16,Opposition,2,1832,10.116,18110
SG_Large,16,Conjunction,3,385,2.1259,18110
SG_Large,16,Opposition,3,352,1.9437,18110
SG_Large,16,Conjunction,4,38,0.2098,18110
SG_Large,16,Opposition,4,42,0.2319,18110
SG_Large,16,Conjunction,5,1,0.0055,18110
SG_Large,16,Opposition,5,3,0.0166,18110
SG_Large,16,Conjunction,6,0,0.0,18110
SG_Large,16,Opposition,6,0,0.0,18110
SG_Large,16,Conjunction,7,0,0.0,18110
SG_Large,16,Opposition,7,0,0.0,18110
SG_Large,17,Conjunction,0,9079,50.1325,18110
SG_Large,17,Opposition,0,9045,49.9448,18110
SG_Large,17,Conjunction,1,6595,36.4163,18110
SG_Large,17,Opposition,1,6570,36.2783,18110
SG_Large,17,Conjunction,2,1958,10.8117,18110
SG_Large,17,Opposition,2,2041,11.27,18110
SG_Large,17,Conjunction,3,430,2.3744,18110
SG_Large,17,Opposition,3,397,2.1922,18110
SG_Large,17,Conjunction,4,47,0.2595,18110
SG_Large,17,Opposition,4,54,0.2982,18110
SG_Large,17,Conjunction,5,1,0.0055,18110
SG_Large,17,Opposition,5,3,0.0166,18110
SG_Large,17,Conjunction,6,0,0.0,18110
SG_Large,17,Opposition,6,0,0.0,18110
SG_Large,17,Conjunction,7,0,0.0,18110
SG_Large,17,Opposition,7,0,0.0,18110
SG_Large,18,Conjunction,0,8659,47.8134,18110
SG_Large,18,Opposition,0,8677,47.9128,18110
SG_Large,18,Conjunction,1,6775,37.4103,18110
SG_Large,18,Opposition,1,6673,36.847,18110
SG_Large,18,Conjunction,2,2125,11.7338,18110
SG_Large,18,Opposition,2,2235,12.3412,18110
SG_Large,18,Conjunction,3,493,2.7223,18110
SG_Large,18,Opposition,3,455,2.5124,18110
SG_Large,18,Conjunction,4,55,0.3037,18110
SG_Large,18,Opposition,4,66,0.3644,18110
SG_Large,18,Conjunction,5,3,0.0166,18110
SG_Large,18,Opposition,5,4,0.0221,18110
SG_Large,18,Conjunction,6,0,0.0,18110
SG_Large,18,Opposition,6,0,0.0,18110
SG_Large,18,Conjunction,7,0,0.0,18110
SG_Large,18,Opposition,7,0,0.0,18110
SG_Large,19,Conjunction,0,8338,46.0409,18110
SG_Large,19,Opposition,0,8333,46.0133,18110
SG_Large,19,Conjunction,1,6814,37.6256,18110
SG_Large,19,Opposition,1,6768,37.3716,18110
SG_Large,19,Conjunction,2,2334,12.8879,18110
SG_Large,19,Opposition,2,2408,13.2965,18110
SG_Large,19,Conjunction,3,551,3.0425,18110
SG_Large,19,Opposition,3,515,2.8437,18110
SG_Large,19,Conjunction,4,69,0.381,18110
SG_Large,19,Opposition,4,81,0.4473,18110
SG_Large,19,Conjunction,5,4,0.0221,18110
SG_Large,19,Opposition,5,5,0.0276,18110
SG_Large,19,Conjunction,6,0,0.0,18110
SG_Large,19,Opposition,6,0,0.0,18110
SG_Large,19,Conjunction,7,0,0.0,18110
SG_Large,19,Opposition,7,0,0.0,18110
SG_Large,20,Conjunction,0,8005,44.2021,18110
SG_Large,20,Opposition,0,8012,44.2408,18110
SG_Large,20,Conjunction,1,6881,37.9956,18110
SG_Large,20,Opposition,1,6816,37.6367,18110
SG_Large,20,Conjunction,2,2511,13.8653,18110
SG_Large,20,Opposition,2,2610,14.4119,18110
SG_Large,20,Conjunction,3,622,3.4346,18110
SG_Large,20,Opposition,3,569,3.1419,18110
SG_Large,20,Conjunction,4,87,0.4804,18110
SG_Large,20,Opposition,4,97,0.5356,18110
SG_Large,20,Conjunction,5,4,0.0221,18110
SG_Large,20,Opposition,5,6,0.0331,18110
SG_Large,20,Conjunction,6,0,0.0,18110
SG_Large,20,Opposition,6,0,0.0,18110
SG_Large,20,Conjunction,7,0,0.0,18110
SG_Large,20,Opposition,7,0,0.0,18110
SG_Large,21,Conjunction,0,7682,42.4186,18110
SG_Large,21,Opposition,0,7676,42.3854,18110
SG_Large,21,Conjunction,1,6929,38.2606,18110
SG_Large,21,Opposition,1,6897,38.0839,18110
SG_Large,21,Conjunction,2,2697,14.8923,18110
SG_Large,21,Opposition,2,2769,15.2899,18110
SG_Large,21,Conjunction,3,693,3.8266,18110
SG_Large,21,Opposition,3,649,3.5837,18110
SG_Large,21,Conjunction,4,103,0.5687,18110
SG_Large,21,Opposition,4,112,0.6184,18110
SG_Large,21,Conjunction,5,6,0.0331,18110
SG_Large,21,Opposition,5,7,0.0387,18110
SG_Large,21,Conjunction,6,0,0.0,18110
SG_Large,21,Opposition,6,0,0.0,18110
SG_Large,21,Conjunction,7,0,0.0,18110
SG_Large,21,Opposition,7,0,0.0,18110
SG_Large,22,Conjunction,0,7359,40.635,18110
SG_Large,22,Opposition,0,7371,40.7013,18110
SG_Large,22,Conjunction,1,6990,38.5975,18110
SG_Large,22,Opposition,1,6917,38.1944,18110
SG_Large,22,Conjunction,2,2867,15.831,18110
SG_Large,22,Opposition,2,2973,16.4163,18110
SG_Large,22,Conjunction,3,764,4.2187,18110
SG_Large,22,Opposition,3,708,3.9094,18110
SG_Large,22,Conjunction,4,124,0.6847,18110
SG_Large,22,Opposition,4,131,0.7234,18110
SG_Large,22,Conjunction,5,5,0.0276,18110
SG_Large,22,Opposition,5,10,0.0552,18110
SG_Large,22,Conjunction,6,1,0.0055,18110
SG_Large,22,Opposition,6,0,0.0,18110
SG_Large,22,Conjunction,7,0,0.0,18110
SG_Large,22,Opposition,7,0,0.0,18110
SG_Large,23,Conjunction,0,7095,39.1773,18110
SG_Large,23,Opposition,0,7083,39.111,18110
SG_Large,23,Conjunction,1,6998,38.6416,18110
SG_Large,23,Opposition,1,6947,38.36,18110
SG_Large,23,Conjunction,2,3012,16.6317,18110
SG_Large,23,Opposition,2,3129,17.2777,18110
SG_Large,23,Conjunction,3,856,4.7267,18110
SG_Large,23,Opposition,3,791,4.3678,18110
SG_Large,23,Conjunction,4,141,0.7786,18110
SG_Large,23,Opposition,4,147,0.8117,18110
SG_Large,23,Conjunction,5,7,0.0387,18110
SG_Large,23,Opposition,5,13,0.0718,18110
SG_Large,23,Conjunction,6,1,0.0055,18110
SG_Large,23,Opposition,6,0,0.0,18110
SG_Large,23,Conjunction,7,0,0.0,18110
SG_Large,23,Opposition,7,0,0.0,18110
SG_Large,24,Conjunction,0,6791,37.4986,18110
SG_Large,24,Opposition,0,6803,37.5649,18110
SG_Large,24,Conjunction,1,7026,38.7962,18110
SG_Large,24,Opposition,1,6970,38.487,18110
SG_Large,24,Conjunction,2,3182,17.5704,18110
SG_Large,24,Opposition,2,3259,17.9956,18110
SG_Large,24,Conjunction,3,940,5.1905,18110
SG_Large,24,Opposition,3,896,4.9475,18110
SG_Large,24,Conjunction,4,160,0.8835,18110
SG_Large,24,Opposition,4,161,0.889,18110
SG_Large,24,Conjunction,5,9,0.0497,18110
SG_Large,24,Opposition,5,21,0.116,18110
SG_Large,24,Conjunction,6,2,0.011,18110
SG_Large,24,Opposition,6,0,0.0,18110
SG_Large,24,Conjunction,7,0,0.0,18110
SG_Large,24,Opposition,7,0,0.0,18110
SG_Large,25,Conjunction,0,6500,35.8918,18110
SG_Large,25,Opposition,0,6544,36.1347,18110
SG_Large,25,Conjunction,1,7048,38.9177,18110
SG_Large,25,Opposition,1,6948,38.3655,18110
SG_Large,25,Conjunction,2,3326,18.3655,18110
SG_Large,25,Opposition,2,3419,18.8791,18110
SG_Large,25,Conjunction,3,1036,5.7206,18110
SG_Large,25,Opposition,3,996,5.4997,18110
SG_Large,25,Conjunction,4,187,1.0326,18110
SG_Large,25,Opposition,4,178,0.9829,18110
SG_Large,25,Conjunction,5,11,0.0607,18110
SG_Large,25,Opposition,5,24,0.1325,18110
SG_Large,25,Conjunction,6,2,0.011,18110
SG_Large,25,Opposition,6,1,0.0055,18110
SG_Large,25,Conjunction,7,0,0.0,18110
SG_Large,25,Opposition,7,0,0.0,18110
SG_Large,26,Conjunction,0,6202,34.2463,18110
SG_Large,26,Opposition,0,6280,34.677,18110
SG_Large,26,Conjunction,1,7040,38.8736,18110
SG_Large,26,Opposition,1,6937,38.3048,18110
SG_Large,26,Conjunction,2,3505,19.3539,18110
SG_Large,26,Opposition,2,3587,19.8067,18110
SG_Large,26,Conjunction,3,1141,6.3004,18110
SG_Large,26,Opposition,3,1076,5.9415,18110
SG_Large,26,Conjunction,4,206,1.1375,18110
SG_Large,26,Opposition,4,199,1.0988,18110
SG_Large,26,Conjunction,5,14,0.0773,18110
SG_Large,26,Opposition,5,29,0.1601,18110
SG_Large,26,Conjunction,6,2,0.011,18110
SG_Large,26,Opposition,6,2,0.011,18110
SG_Large,26,Conjunction,7,0,0.0,18110
SG_Large,26,Opposition,7,0,0.0,18110
SG_Large,27,Conjunction,0,5926,32.7223,18110
SG_Large,27,Opposition,0,6004,33.153,18110
SG_Large,27,Conjunction,1,7026,38.7962,18110
SG_Large,27,Opposition,1,6936,38.2993,18110
SG_Large,27,Conjunction,2,3661,20.2154,18110
SG_Large,27,Opposition,2,3718,20.5301,18110
SG_Large,27,Conjunction,3,1247,6.8857,18110
SG_Large,27,Opposition,3,1190,6.571,18110
SG_Large,27,Conjunction,4,230,1.27,18110
SG_Large,27,Opposition,4,224,1.2369,18110
SG_Large,27,Conjunction,5,18,0.0994,18110
SG_Large,27,Opposition,5,35,0.1933,18110
SG_Large,27,Conjunction,6,2,0.011,18110
SG_Large,27,Opposition,6,3,0.0166,18110
SG_Large,27,Conjunction,7,0,0.0,18110
SG_Large,27,Opposition,7,0,0.0,18110
SG_Large,28,Conjunction,0,5644,31.1651,18110
SG_Large,28,Opposition,0,5717,31.5682,18110
SG_Large,28,Conjunction,1,7026,38.7962,18110
SG_Large,28,Opposition,1,6928,38.2551,18110
SG_Large,28,Conjunction,2,3800,20.9829,18110
SG_Large,28,Opposition,2,3863,21.3308,18110
SG_Large,28,Conjunction,3,1340,7.3992,18110
SG_Large,28,Opposition,3,1310,7.2336,18110
SG_Large,28,Conjunction,4,277,1.5295,18110
SG_Large,28,Opposition,4,251,1.386,18110
SG_Large,28,Conjunction,5,21,0.116,18110
SG_Large,28,Opposition,5,38,0.2098,18110
SG_Large,28,Conjunction,6,2,0.011,18110
SG_Large,28,Opposition,6,3,0.0166,18110
SG_Large,28,Conjunction,7,0,0.0,18110
SG_Large,28,Opposition,7,0,0.0,18110
SG_Large,29,Conjunction,0,5426,29.9613,18110
SG_Large,29,Opposition,0,5494,30.3368,18110
SG_Large,29,Conjunction,1,6983,38.5588,18110
SG_Large,29,Opposition,1,6855,37.852,18110
SG_Large,29,Conjunction,2,3923,21.6621,18110
SG_Large,29,Opposition,2,4018,22.1866,18110
SG_Large,29,Conjunction,3,1446,7.9845,18110
SG_Large,29,Opposition,3,1421,7.8465,18110
SG_Large,29,Conjunction,4,303,1.6731,18110
SG_Large,29,Opposition,4,277,1.5295,18110
SG_Large,29,Conjunction,5,26,0.1436,18110
SG_Large,29,Opposition,5,41,0.2264,18110
SG_Large,29,Conjunction,6,3,0.0166,18110
SG_Large,29,Opposition,6,4,0.0221,18110
SG_Large,29,Conjunction,7,0,0.0,18110
SG_Large,29,Opposition,7,0,0.0,18110
SG_Large,30,Conjunction,0,5205,28.741,18110
SG_Large,30,Opposition,0,5255,29.0171,18110
SG_Large,30,Conjunction,1,6923,38.2275,18110
SG_Large,30,Opposition,1,6794,37.5152,18110
SG_Large,30,Conjunction,2,4069,22.4682,18110
SG_Large,30,Opposition,2,4166,23.0039,18110
SG_Large,30,Conjunction,3,1541,8.5091,18110
SG_Large,30,Opposition,3,1529,8.4428,18110
SG_Large,30,Conjunction,4,335,1.8498,18110
SG_Large,30,Opposition,4,315,1.7394,18110
SG_Large,30,Conjunction,5,33,0.1822,18110
SG_Large,30,Opposition,5,47,0.2595,18110
SG_Large,30,Conjunction,6,4,0.0221,18110
SG_Large,30,Opposition,6,4,0.0221,18110
SG_Large,30,Conjunction,7,0,0.0,18110
SG_Large,30,Opposition,7,0,0.0,18110
SG_XLarge,1,Conjunction,0,607,96.3492,630
SG_XLarge,1,Opposition,0,611,96.9841,630
SG_XLarge,1,Conjunction,1,23,3.6508,630
SG_XLarge,1,Opposition,1,18,2.8571,630
SG_XLarge,1,Conjunction,2,0,0.0,630
SG_XLarge,1,Opposition,2,1,0.1587,630
SG_XLarge,1,Conjunction,3,0,0.0,630
SG_XLarge,1,Opposition,3,0,0.0,630
SG_XLarge,1,Conjunction,4,0,0.0,630
SG_XLarge,1,Opposition,4,0,0.0,630
SG_XLarge,1,Conjunction,5,0,0.0,630
SG_XLarge,1,Opposition,5,0,0.0,630
SG_XLarge,1,Conjunction,6,0,0.0,630
SG_XLarge,1,Opposition,6,0,0.0,630
SG_XLarge,1,Conjunction,7,0,0.0,630
SG_XLarge,1,Opposition,7,0,0.0,630
SG_XLarge,2,Conjunction,0,581,92.2222,630
SG_XLarge,2,Opposition,0,585,92.8571,630
SG_XLarge,2,Conjunction,1,47,7.4603,630
SG_XLarge,2,Opposition,1,43,6.8254,630
SG_XLarge,2,Conjunction,2,2,0.3175,630
SG_XLarge,2,Opposition,2,2,0.3175,630
SG_XLarge,2,Conjunction,3,0,0.0,630
SG_XLarge,2,Opposition,3,0,0.0,630
SG_XLarge,2,Conjunction,4,0,0.0,630
SG_XLarge,2,Opposition,4,0,0.0,630
SG_XLarge,2,Conjunction,5,0,0.0,630
SG_XLarge,2,Opposition,5,0,0.0,630
SG_XLarge,2,Conjunction,6,0,0.0,630
SG_XLarge,2,Opposition,6,0,0.0,630
SG_XLarge,2,Conjunction,7,0,0.0,630
SG_XLarge,2,Opposition,7,0,0.0,630
SG_XLarge,3,Conjunction,0,553,87.7778,630
SG_XLarge,3,Opposition,0,566,89.8413,630
SG_XLarge,3,Conjunction,1,72,11.4286,630
SG_XLarge,3,Opposition,1,61,9.6825,630
SG_XLarge,3,Conjunction,2,5,0.7937,630
SG_XLarge,3,Opposition,2,3,0.4762,630
SG_XLarge,3,Conjunction,3,0,0.0,630
SG_XLarge,3,Opposition,3,0,0.0,630
SG_XLarge,3,Conjunction,4,0,0.0,630
SG_XLarge,3,Opposition,4,0,0.0,630
SG_XLarge,3,Conjunction,5,0,0.0,630
SG_XLarge,3,Opposition,5,0,0.0,630
SG_XLarge,3,Conjunction,6,0,0.0,630
SG_XLarge,3,Opposition,6,0,0.0,630
SG_XLarge,3,Conjunction,7,0,0.0,630
SG_XLarge,3,Opposition,7,0,0.0,630
SG_XLarge,4,Conjunction,0,536,85.0794,630
SG_XLarge,4,Opposition,0,548,86.9841,630
SG_XLarge,4,Conjunction,1,87,13.8095,630
SG_XLarge,4,Opposition,1,79,12.5397,630
SG_XLarge,4,Conjunction,2,6,0.9524,630
SG_XLarge,4,Opposition,2,3,0.4762,630
SG_XLarge,4,Conjunction,3,1,0.1587,630
SG_XLarge,4,Opposition,3,0,0.0,630
SG_XLarge,4,Conjunction,4,0,0.0,630
SG_XLarge,4,Opposition,4,0,0.0,630
SG_XLarge,4,Conjunction,5,0,0.0,630
SG_XLarge,4,Opposition,5,0,0.0,630
SG_XLarge,4,Conjunction,6,0,0.0,630
SG_XLarge,4,Opposition,6,0,0.0,630
SG_XLarge,4,Conjunction,7,0,0.0,630
SG_XLarge,4,Opposition,7,0,0.0,630
SG_XLarge,5,Conjunction,0,511,81.1111,630
SG_XLarge,5,Opposition,0,538,85.3968,630
SG_XLarge,5,Conjunction,1,108,17.1429,630
SG_XLarge,5,Opposition,1,88,13.9683,630
SG_XLarge,5,Conjunction,2,8,1.2698,630
SG_XLarge,5,Opposition,2,4,0.6349,630
SG_XLarge,5,Conjunction,3,2,0.3175,630
SG_XLarge,5,Opposition,3,0,0.0,630
SG_XLarge,5,Conjunction,4,1,0.1587,630
SG_XLarge,5,Opposition,4,0,0.0,630
SG_XLarge,5,Conjunction,5,0,0.0,630
SG_XLarge,5,Opposition,5,0,0.0,630
SG_XLarge,5,Conjunction,6,0,0.0,630
SG_XLarge,5,Opposition,6,0,0.0,630
SG_XLarge,5,Conjunction,7,0,0.0,630
SG_XLarge,5,Opposition,7,0,0.0,630
SG_XLarge,6,Conjunction,0,490,77.7778,630
SG_XLarge,6,Opposition,0,511,81.1111,630
SG_XLarge,6,Conjunction,1,127,20.1587,630
SG_XLarge,6,Opposition,1,112,17.7778,630
SG_XLarge,6,Conjunction,2,9,1.4286,630
SG_XLarge,6,Opposition,2,7,1.1111,630
SG_XLarge,6,Conjunction,3,3,0.4762,630
SG_XLarge,6,Opposition,3,0,0.0,630
SG_XLarge,6,Conjunction,4,1,0.1587,630
SG_XLarge,6,Opposition,4,0,0.0,630
SG_XLarge,6,Conjunction,5,0,0.0,630
SG_XLarge,6,Opposition,5,0,0.0,630
SG_XLarge,6,Conjunction,6,0,0.0,630
SG_XLarge,6,Opposition,6,0,0.0,630
SG_XLarge,6,Conjunction,7,0,0.0,630
SG_XLarge,6,Opposition,7,0,0.0,630
SG_XLarge,7,Conjunction,0,466,73.9683,630
SG_XLarge,7,Opposition,0,499,79.2063,630
SG_XLarge,7,Conjunction,1,144,22.8571,630
SG_XLarge,7,Opposition,1,121,19.2063,630
SG_XLarge,7,Conjunction,2,16,2.5397,630
SG_XLarge,7,Opposition,2,9,1.4286,630
SG_XLarge,7,Conjunction,3,3,0.4762,630
SG_XLarge,7,Opposition,3,1,0.1587,630
SG_XLarge,7,Conjunction,4,1,0.1587,630
SG_XLarge,7,Opposition,4,0,0.0,630
SG_XLarge,7,Conjunction,5,0,0.0,630
SG_XLarge,7,Opposition,5,0,0.0,630
SG_XLarge,7,Conjunction,6,0,0.0,630
SG_XLarge,7,Opposition,6,0,0.0,630
SG_XLarge,7,Conjunction,7,0,0.0,630
SG_XLarge,7,Opposition,7,0,0.0,630
SG_XLarge,8,Conjunction,0,450,71.4286,630
SG_XLarge,8,Opposition,0,477,75.7143,630
SG_XLarge,8,Conjunction,1,159,25.2381,630
SG_XLarge,8,Opposition,1,139,22.0635,630
SG_XLarge,8,Conjunction,2,17,2.6984,630
SG_XLarge,8,Opposition,2,13,2.0635,630
SG_XLarge,8,Conjunction,3,3,0.4762,630
SG_XLarge,8,Opposition,3,1,0.1587,630
SG_XLarge,8,Conjunction,4,1,0.1587,630
SG_XLarge,8,Opposition,4,0,0.0,630
SG_XLarge,8,Conjunction,5,0,0.0,630
SG_XLarge,8,Opposition,5,0,0.0,630
SG_XLarge,8,Conjunction,6,0,0.0,630
SG_XLarge,8,Opposition,6,0,0.0,630
SG_XLarge,8,Conjunction,7,0,0.0,630
SG_XLarge,8,Opposition,7,0,0.0,630
SG_XLarge,9,Conjunction,0,428,67.9365,630
SG_XLarge,9,Opposition,0,459,72.8571,630
SG_XLarge,9,Conjunction,1,177,28.0952,630
SG_XLarge,9,Opposition,1,151,23.9683,630
SG_XLarge,9,Conjunction,2,21,3.3333,630
SG_XLarge,9,Opposition,2,19,3.0159,630
SG_XLarge,9,Conjunction,3,3,0.4762,630
SG_XLarge,9,Opposition,3,1,0.1587,630
SG_XLarge,9,Conjunction,4,1,0.1587,630
SG_XLarge,9,Opposition,4,0,0.0,630
SG_XLarge,9,Conjunction,5,0,0.0,630
SG_XLarge,9,Opposition,5,0,0.0,630
SG_XLarge,9,Conjunction,6,0,0.0,630
SG_XLarge,9,Opposition,6,0,0.0,630
SG_XLarge,9,Conjunction,7,0,0.0,630
SG_XLarge,9,Opposition,7,0,0.0,630
SG_XLarge,10,Conjunction,0,415,65.873,630
SG_XLarge,10,Opposition,0,443,70.3175,630
SG_XLarge,10,Conjunction,1,178,28.254,630
SG_XLarge,10,Opposition,1,162,25.7143,630
SG_XLarge,10,Conjunction,2,31,4.9206,630
SG_XLarge,10,Opposition,2,23,3.6508,630
SG_XLarge,10,Conjunction,3,5,0.7937,630
SG_XLarge,10,Opposition,3,2,0.3175,630
SG_XLarge,10,Conjunction,4,1,0.1587,630
SG_XLarge,10,Opposition,4,0,0.0,630
SG_XLarge,10,Conjunction,5,0,0.0,630
SG_XLarge,10,Opposition,5,0,0.0,630
SG_XLarge,10,Conjunction,6,0,0.0,630
SG_XLarge,10,Opposition,6,0,0.0,630
SG_XLarge,10,Conjunction,7,0,0.0,630
SG_XLarge,10,Opposition,7,0,0.0,630
SG_XLarge,11,Conjunction,0,393,62.381,630
SG_XLarge,11,Opposition,0,432,68.5714,630
SG_XLarge,11,Conjunction,1,192,30.4762,630
SG_XLarge,11,Opposition,1,167,26.5079,630
SG_XLarge,11,Conjunction,2,39,6.1905,630
SG_XLarge,11,Opposition,2,28,4.4444,630
SG_XLarge,11,Conjunction,3,5,0.7937,630
SG_XLarge,11,Opposition,3,3,0.4762,630
SG_XLarge,11,Conjunction,4,1,0.1587,630
SG_XLarge,11,Opposition,4,0,0.0,630
SG_XLarge,11,Conjunction,5,0,0.0,630
SG_XLarge,11,Opposition,5,0,0.0,630
SG_XLarge,11,Conjunction,6,0,0.0,630
SG_XLarge,11,Opposition,6,0,0.0,630
SG_XLarge,11,Conjunction,7,0,0.0,630
SG_XLarge,11,Opposition,7,0,0.0,630
SG_XLarge,12,Conjunction,0,377,59.8413,630
SG_XLarge,12,Opposition,0,409,64.9206,630
SG_XLarge,12,Conjunction,1,204,32.381,630
SG_XLarge,12,Opposition,1,187,29.6825,630
SG_XLarge,12,Conjunction,2,40,6.3492,630
SG_XLarge,12,Opposition,2,28,4.4444,630
SG_XLarge,12,Conjunction,3,8,1.2698,630
SG_XLarge,12,Opposition,3,5,0.7937,630
SG_XLarge,12,Conjunction,4,1,0.1587,630
SG_XLarge,12,Opposition,4,1,0.1587,630
SG_XLarge,12,Conjunction,5,0,0.0,630
SG_XLarge,12,Opposition,5,0,0.0,630
SG_XLarge,12,Conjunction,6,0,0.0,630
SG_XLarge,12,Opposition,6,0,0.0,630
SG_XLarge,12,Conjunction,7,0,0.0,630
SG_XLarge,12,Opposition,7,0,0.0,630
SG_XLarge,13,Conjunction,0,356,56.5079,630
SG_XLarge,13,Opposition,0,385,61.1111,630
SG_XLarge,13,Conjunction,1,220,34.9206,630
SG_XLarge,13,Opposition,1,207,32.8571,630
SG_XLarge,13,Conjunction,2,45,7.1429,630
SG_XLarge,13,Opposition,2,32,5.0794,630
SG_XLarge,13,Conjunction,3,8,1.2698,630
SG_XLarge,13,Opposition,3,5,0.7937,630
SG_XLarge,13,Conjunction,4,1,0.1587,630
SG_XLarge,13,Opposition,4,1,0.1587,630
SG_XLarge,13,Conjunction,5,0,0.0,630
SG_XLarge,13,Opposition,5,0,0.0,630
SG_XLarge,13,Conjunction,6,0,0.0,630
SG_XLarge,13,Opposition,6,0,0.0,630
SG_XLarge,13,Conjunction,7,0,0.0,630
SG_XLarge,13,Opposition,7,0,0.0,630
SG_XLarge,14,Conjunction,0,340,53.9683,630
SG_XLarge,14,Opposition,0,373,59.2063,630
SG_XLarge,14,Conjunction,1,222,35.2381,630
SG_XLarge,14,Opposition,1,215,34.127,630
SG_XLarge,14,Conjunction,2,58,9.2063,630
SG_XLarge,14,Opposition,2,33,5.2381,630
SG_XLarge,14,Conjunction,3,9,1.4286,630
SG_XLarge,14,Opposition,3,7,1.1111,630
SG_XLarge,14,Conjunction,4,1,0.1587,630
SG_XLarge,14,Opposition,4,2,0.3175,630
SG_XLarge,14,Conjunction,5,0,0.0,630
SG_XLarge,14,Opposition,5,0,0.0,630
SG_XLarge,14,Conjunction,6,0,0.0,630
SG_XLarge,14,Opposition,6,0,0.0,630
SG_XLarge,14,Conjunction,7,0,0.0,630
SG_XLarge,14,Opposition,7,0,0.0,630
SG_XLarge,15,Conjunction,0,332,52.6984,630
SG_XLarge,15,Opposition,0,355,56.3492,630
SG_XLarge,15,Conjunction,1,219,34.7619,630
SG_XLarge,15,Opposition,1,224,35.5556,630
SG_XLarge,15,Conjunction,2,68,10.7937,630
SG_XLarge,15,Opposition,2,41,6.5079,630
SG_XLarge,15,Conjunction,3,10,1.5873,630
SG_XLarge,15,Opposition,3,8,1.2698,630
SG_XLarge,15,Conjunction,4,1,0.1587,630
SG_XLarge,15,Opposition,4,2,0.3175,630
SG_XLarge,15,Conjunction,5,0,0.0,630
SG_XLarge,15,Opposition,5,0,0.0,630
SG_XLarge,15,Conjunction,6,0,0.0,630
SG_XLarge,15,Opposition,6,0,0.0,630
SG_XLarge,15,Conjunction,7,0,0.0,630
SG_XLarge,15,Opposition,7,0,0.0,630
SG_XLarge,16,Conjunction,0,313,49.6825,630
SG_XLarge,16,Opposition,0,342,54.2857,630
SG_XLarge,16,Conjunction,1,232,36.8254,630
SG_XLarge,16,Opposition,1,234,37.1429,630
SG_XLarge,16,Conjunction,2,73,11.5873,630
SG_XLarge,16,Opposition,2,43,6.8254,630
SG_XLarge,16,Conjunction,3,11,1.746,630
SG_XLarge,16,Opposition,3,9,1.4286,630
SG_XLarge,16,Conjunction,4,1,0.1587,630
SG_XLarge,16,Opposition,4,2,0.3175,630
SG_XLarge,16,Conjunction,5,0,0.0,630
SG_XLarge,16,Opposition,5,0,0.0,630
SG_XLarge,16,Conjunction,6,0,0.0,630
SG_XLarge,16,Opposition,6,0,0.0,630
SG_XLarge,16,Conjunction,7,0,0.0,630
SG_XLarge,16,Opposition,7,0,0.0,630
SG_XLarge,17,Conjunction,0,303,48.0952,630
SG_XLarge,17,Opposition,0,326,51.746,630
SG_XLarge,17,Conjunction,1,229,36.3492,630
SG_XLarge,17,Opposition,1,242,38.4127,630
SG_XLarge,17,Conjunction,2,83,13.1746,630
SG_XLarge,17,Opposition,2,49,7.7778,630
SG_XLarge,17,Conjunction,3,13,2.0635,630
SG_XLarge,17,Opposition,3,11,1.746,630
SG_XLarge,17,Conjunction,4,2,0.3175,630
SG_XLarge,17,Opposition,4,2,0.3175,630
SG_XLarge,17,Conjunction,5,0,0.0,630
SG_XLarge,17,Opposition,5,0,0.0,630
SG_XLarge,17,Conjunction,6,0,0.0,630
SG_XLarge,17,Opposition,6,0,0.0,630
SG_XLarge,17,Conjunction,7,0,0.0,630
SG_XLarge,17,Opposition,7,0,0.0,630
SG_XLarge,18,Conjunction,0,290,46.0317,630
SG_XLarge,18,Opposition,0,314,49.8413,630
SG_XLarge,18,Conjunction,1,232,36.8254,630
SG_XLarge,18,Opposition,1,246,39.0476,630
SG_XLarge,18,Conjunction,2,87,13.8095,630
SG_XLarge,18,Opposition,2,56,8.8889,630
SG_XLarge,18,Conjunction,3,18,2.8571,630
SG_XLarge,18,Opposition,3,12,1.9048,630
SG_XLarge,18,Conjunction,4,3,0.4762,630
SG_XLarge,18,Opposition,4,2,0.3175,630
SG_XLarge,18,Conjunction,5,0,0.0,630
SG_XLarge,18,Opposition,5,0,0.0,630
SG_XLarge,18,Conjunction,6,0,0.0,630
SG_XLarge,18,Opposition,6,0,0.0,630
SG_XLarge,18,Conjunction,7,0,0.0,630
SG_XLarge,18,Opposition,7,0,0.0,630
SG_XLarge,19,Conjunction,0,273,43.3333,630
SG_XLarge,19,Opposition,0,299,47.4603,630
SG_XLarge,19,Conjunction,1,234,37.1429,630
SG_XLarge,19,Opposition,1,255,40.4762,630
SG_XLarge,19,Conjunction,2,101,16.0317,630
SG_XLarge,19,Opposition,2,62,9.8413,630
SG_XLarge,19,Conjunction,3,18,2.8571,630
SG_XLarge,19,Opposition,3,12,1.9048,630
SG_XLarge,19,Conjunction,4,4,0.6349,630
SG_XLarge,19,Opposition,4,2,0.3175,630
SG_XLarge,19,Conjunction,5,0,0.0,630
SG_XLarge,19,Opposition,5,0,0.0,630
SG_XLarge,19,Conjunction,6,0,0.0,630
SG_XLarge,19,Opposition,6,0,0.0,630
SG_XLarge,19,Conjunction,7,0,0.0,630
SG_XLarge,19,Opposition,7,0,0.0,630
SG_XLarge,20,Conjunction,0,257,40.7937,630
SG_XLarge,20,Opposition,0,285,45.2381,630
SG_XLarge,20,Conjunction,1,240,38.0952,630
SG_XLarge,20,Opposition,1,263,41.746,630
SG_XLarge,20,Conjunction,2,107,16.9841,630
SG_XLarge,20,Opposition,2,68,10.7937,630
SG_XLarge,20,Conjunction,3,21,3.3333,630
SG_XLarge,20,Opposition,3,11,1.746,630
SG_XLarge,20,Conjunction,4,5,0.7937,630
SG_XLarge,20,Opposition,4,3,0.4762,630
SG_XLarge,20,Conjunction,5,0,0.0,630
SG_XLarge,20,Opposition,5,0,0.0,630
SG_XLarge,20,Conjunction,6,0,0.0,630
SG_XLarge,20,Opposition,6,0,0.0,630
SG_XLarge,20,Conjunction,7,0,0.0,630
SG_XLarge,20,Opposition,7,0,0.0,630
SG_XLarge,21,Conjunction,0,245,38.8889,630
SG_XLarge,21,Opposition,0,272,43.1746,630
SG_XLarge,21,Conjunction,1,247,39.2063,630
SG_XLarge,21,Opposition,1,269,42.6984,630
SG_XLarge,21,Conjunction,2,109,17.3016,630
SG_XLarge,21,Opposition,2,74,11.746,630
SG_XLarge,21,Conjunction,3,23,3.6508,630
SG_XLarge,21,Opposition,3,11,1.746,630
SG_XLarge,21,Conjunction,4,6,0.9524,630
SG_XLarge,21,Opposition,4,4,0.6349,630
SG_XLarge,21,Conjunction,5,0,0.0,630
SG_XLarge,21,Opposition,5,0,0.0,630
SG_XLarge,21,Conjunction,6,0,0.0,630
SG_XLarge,21,Opposition,6,0,0.0,630
SG_XLarge,21,Conjunction,7,0,0.0,630
SG_XLarge,21,Opposition,7,0,0.0,630
SG_XLarge,22,Conjunction,0,231,36.6667,630
SG_XLarge,22,Opposition,0,267,42.381,630
SG_XLarge,22,Conjunction,1,249,39.5238,630
SG_XLarge,22,Opposition,1,267,42.381,630
SG_XLarge,22,Conjunction,2,117,18.5714,630
SG_XLarge,22,Opposition,2,78,12.381,630
SG_XLarge,22,Conjunction,3,27,4.2857,630
SG_XLarge,22,Opposition,3,13,2.0635,630
SG_XLarge,22,Conjunction,4,6,0.9524,630
SG_XLarge,22,Opposition,4,5,0.7937,630
SG_XLarge,22,Conjunction,5,0,0.0,630
SG_XLarge,22,Opposition,5,0,0.0,630
SG_XLarge,22,Conjunction,6,0,0.0,630
SG_XLarge,22,Opposition,6,0,0.0,630
SG_XLarge,22,Conjunction,7,0,0.0,630
SG_XLarge,22,Opposition,7,0,0.0,630
SG_XLarge,23,Conjunction,0,219,34.7619,630
SG_XLarge,23,Opposition,0,257,40.7937,630
SG_XLarge,23,Conjunction,1,244,38.7302,630
SG_XLarge,23,Opposition,1,268,42.5397,630
SG_XLarge,23,Conjunction,2,130,20.6349,630
SG_XLarge,23,Opposition,2,86,13.6508,630
SG_XLarge,23,Conjunction,3,28,4.4444,630
SG_XLarge,23,Opposition,3,14,2.2222,630
SG_XLarge,23,Conjunction,4,8,1.2698,630
SG_XLarge,23,Opposition,4,5,0.7937,630
SG_XLarge,23,Conjunction,5,1,0.1587,630
SG_XLarge,23,Opposition,5,0,0.0,630
SG_XLarge,23,Conjunction,6,0,0.0,630
SG_XLarge,23,Opposition,6,0,0.0,630
SG_XLarge,23,Conjunction,7,0,0.0,630
SG_XLarge,23,Opposition,7,0,0.0,630
SG_XLarge,24,Conjunction,0,211,33.4921,630
SG_XLarge,24,Opposition,0,246,39.0476,630
SG_XLarge,24,Conjunction,1,241,38.254,630
SG_XLarge,24,Opposition,1,275,43.6508,630
SG_XLarge,24,Conjunction,2,136,21.5873,630
SG_XLarge,24,Opposition,2,86,13.6508,630
SG_XLarge,24,Conjunction,3,32,5.0794,630
SG_XLarge,24,Opposition,3,18,2.8571,630
SG_XLarge,24,Conjunction,4,8,1.2698,630
SG_XLarge,24,Opposition,4,5,0.7937,630
SG_XLarge,24,Conjunction,5,2,0.3175,630
SG_XLarge,24,Opposition,5,0,0.0,630
SG_XLarge,24,Conjunction,6,0,0.0,630
SG_XLarge,24,Opposition,6,0,0.0,630
SG_XLarge,24,Conjunction,7,0,0.0,630
SG_XLarge,24,Opposition,7,0,0.0,630
SG_XLarge,25,Conjunction,0,201,31.9048,630
SG_XLarge,25,Opposition,0,232,36.8254,630
SG_XLarge,25,Conjunction,1,239,37.9365,630
SG_XLarge,25,Opposition,1,282,44.7619,630
SG_XLarge,25,Conjunction,2,147,23.3333,630
SG_XLarge,25,Opposition,2,92,14.6032,630
SG_XLarge,25,Conjunction,3,33,5.2381,630
SG_XLarge,25,Opposition,3,19,3.0159,630
SG_XLarge,25,Conjunction,4,6,0.9524,630
SG_XLarge,25,Opposition,4,5,0.7937,630
SG_XLarge,25,Conjunction,5,4,0.6349,630
SG_XLarge,25,Opposition,5,0,0.0,630
SG_XLarge,25,Conjunction,6,0,0.0,630
SG_XLarge,25,Opposition,6,0,0.0,630
SG_XLarge,25,Conjunction,7,0,0.0,630
SG_XLarge,25,Opposition,7,0,0.0,630
SG_XLarge,26,Conjunction,0,196,31.1111,630
SG_XLarge,26,Opposition,0,218,34.6032,630
SG_XLarge,26,Conjunction,1,240,38.0952,630
SG_XLarge,26,Opposition,1,282,44.7619,630
SG_XLarge,26,Conjunction,2,145,23.0159,630
SG_XLarge,26,Opposition,2,100,15.873,630
SG_XLarge,26,Conjunction,3,37,5.873,630
SG_XLarge,26,Opposition,3,24,3.8095,630
SG_XLarge,26,Conjunction,4,8,1.2698,630
SG_XLarge,26,Opposition,4,6,0.9524,630
SG_XLarge,26,Conjunction,5,3,0.4762,630
SG_XLarge,26,Opposition,5,0,0.0,630
SG_XLarge,26,Conjunction,6,1,0.1587,630
SG_XLarge,26,Opposition,6,0,0.0,630
SG_XLarge,26,Conjunction,7,0,0.0,630
SG_XLarge,26,Opposition,7,0,0.0,630
SG_XLarge,27,Conjunction,0,191,30.3175,630
SG_XLarge,27,Opposition,0,205,32.5397,630
SG_XLarge,27,Conjunction,1,236,37.4603,630
SG_XLarge,27,Opposition,1,280,44.4444,630
SG_XLarge,27,Conjunction,2,148,23.4921,630
SG_XLarge,27,Opposition,2,112,17.7778,630
SG_XLarge,27,Conjunction,3,42,6.6667,630
SG_XLarge,27,Opposition,3,25,3.9683,630
SG_XLarge,27,Conjunction,4,9,1.4286,630
SG_XLarge,27,Opposition,4,8,1.2698,630
SG_XLarge,27,Conjunction,5,3,0.4762,630
SG_XLarge,27,Opposition,5,0,0.0,630
SG_XLarge,27,Conjunction,6,1,0.1587,630
SG_XLarge,27,Opposition,6,0,0.0,630
SG_XLarge,27,Conjunction,7,0,0.0,630
SG_XLarge,27,Opposition,7,0,0.0,630
SG_XLarge,28,Conjunction,0,179,28.4127,630
SG_XLarge,28,Opposition,0,195,30.9524,630
SG_XLarge,28,Conjunction,1,233,36.9841,630
SG_XLarge,28,Opposition,1,284,45.0794,630
SG_XLarge,28,Conjunction,2,158,25.0794,630
SG_XLarge,28,Opposition,2,116,18.4127,630
SG_XLarge,28,Conjunction,3,47,7.4603,630
SG_XLarge,28,Opposition,3,27,4.2857,630
SG_XLarge,28,Conjunction,4,9,1.4286,630
SG_XLarge,28,Opposition,4,8,1.2698,630
SG_XLarge,28,Conjunction,5,3,0.4762,630
SG_XLarge,28,Opposition,5,0,0.0,630
SG_XLarge,28,Conjunction,6,1,0.1587,630
SG_XLarge,28,Opposition,6,0,0.0,630
SG_XLarge,28,Conjunction,7,0,0.0,630
SG_XLarge,28,Opposition,7,0,0.0,630
SG_XLarge,29,Conjunction,0,169,26.8254,630
SG_XLarge,29,Opposition,0,185,29.3651,630
SG_XLarge,29,Conjunction,1,234,37.1429,630
SG_XLarge,29,Opposition,1,284,45.0794,630
SG_XLarge,29,Conjunction,2,164,26.0317,630
SG_XLarge,29,Opposition,2,123,19.5238,630
SG_XLarge,29,Conjunction,3,48,7.619,630
SG_XLarge,29,Opposition,3,30,4.7619,630
SG_XLarge,29,Conjunction,4,11,1.746,630
SG_XLarge,29,Opposition,4,8,1.2698,630
SG_XLarge,29,Conjunction,5,3,0.4762,630
SG_XLarge,29,Opposition,5,0,0.0,630
SG_XLarge,29,Conjunction,6,1,0.1587,630
SG_XLarge,29,Opposition,6,0,0.0,630
SG_XLarge,29,Conjunction,7,0,0.0,630
SG_XLarge,29,Opposition,7,0,0.0,630
SG_XLarge,30,Conjunction,0,162,25.7143,630
SG_XLarge,30,Opposition,0,175,27.7778,630
SG_XLarge,30,Conjunction,1,225,35.7143,630
SG_XLarge,30,Opposition,1,284,45.0794,630
SG_XLarge,30,Conjunction,2,175,27.7778,630
SG_XLarge,30,Opposition,2,132,20.9524,630
SG_XLarge,30,Conjunction,3,53,8.4127,630
SG_XLarge,30,Opposition,3,31,4.9206,630
SG_XLarge,30,Conjunction,4,11,1.746,630
SG_XLarge,30,Opposition,4,7,1.1111,630
SG_XLarge,30,Conjunction,5,3,0.4762,630
SG_XLarge,30,Opposition,5,1,0.1587,630
SG_XLarge,30,Conjunction,6,1,0.1587,630
SG_XLarge,30,Opposition,6,0,0.0,630
SG_XLarge,30,Conjunction,7,0,0.0,630
SG_XLarge,30,Opposition,7,0,0.0,630
SF_Total,1,Conjunction,0,37478,96.0137,39034
SF_Total,1,Opposition,0,37504,96.0803,39034
SF_Total,1,Conjunction,1,1506,3.8582,39034
SF_Total,1,Opposition,1,1504,3.8531,39034
SF_Total,1,Conjunction,2,50,0.1281,39034
SF_Total,1,Opposition,2,26,0.0666,39034
SF_Total,1,Conjunction,3,0,0.0,39034
SF_Total,1,Opposition,3,0,0.0,39034
SF_Total,1,Conjunction,4,0,0.0,39034
SF_Total,1,Opposition,4,0,0.0,39034
SF_Total,1,Conjunction,5,0,0.0,39034
SF_Total,1,Opposition,5,0,0.0,39034
SF_Total,1,Conjunction,6,0,0.0,39034
SF_Total,1,Opposition,6,0,0.0,39034
SF_Total,1,Conjunction,7,0,0.0,39034
SF_Total,1,Opposition,7,0,0.0,39034
SF_Total,2,Conjunction,0,35940,92.0736,39034
SF_Total,2,Opposition,0,36107,92.5014,39034
SF_Total,2,Conjunction,1,2931,7.5088,39034
SF_Total,2,Opposition,1,2814,7.2091,39034
SF_Total,2,Conjunction,2,161,0.4125,39034
SF_Total,2,Opposition,2,109,0.2792,39034
SF_Total,2,Conjunction,3,2,0.0051,39034
SF_Total,2,Opposition,3,4,0.0102,39034
SF_Total,2,Conjunction,4,0,0.0,39034
SF_Total,2,Opposition,4,0,0.0,39034
SF_Total,2,Conjunction,5,0,0.0,39034
SF_Total,2,Opposition,5,0,0.0,39034
SF_Total,2,Conjunction,6,0,0.0,39034
SF_Total,2,Opposition,6,0,0.0,39034
SF_Total,2,Conjunction,7,0,0.0,39034
SF_Total,2,Opposition,7,0,0.0,39034
SF_Total,3,Conjunction,0,34542,88.4921,39034
SF_Total,3,Opposition,0,34763,89.0583,39034
SF_Total,3,Conjunction,1,4154,10.642,39034
SF_Total,3,Opposition,1,4013,10.2808,39034
SF_Total,3,Conjunction,2,323,0.8275,39034
SF_Total,3,Opposition,2,247,0.6328,39034
SF_Total,3,Conjunction,3,15,0.0384,39034
SF_Total,3,Opposition,3,11,0.0282,39034
SF_Total,3,Conjunction,4,0,0.0,39034
SF_Total,3,Opposition,4,0,0.0,39034
SF_Total,3,Conjunction,5,0,0.0,39034
SF_Total,3,Opposition,5,0,0.0,39034
SF_Total,3,Conjunction,6,0,0.0,39034
SF_Total,3,Opposition,6,0,0.0,39034
SF_Total,3,Conjunction,7,0,0.0,39034
SF_Total,3,Opposition,7,0,0.0,39034
SF_Total,4,Conjunction,0,33222,85.1104,39034
SF_Total,4,Opposition,0,33440,85.6689,39034
SF_Total,4,Conjunction,1,5267,13.4934,39034
SF_Total,4,Opposition,1,5134,13.1526,39034
SF_Total,4,Conjunction,2,517,1.3245,39034
SF_Total,4,Opposition,2,437,1.1195,39034
SF_Total,4,Conjunction,3,28,0.0717,39034
SF_Total,4,Opposition,3,23,0.0589,39034
SF_Total,4,Conjunction,4,0,0.0,39034
SF_Total,4,Opposition,4,0,0.0,39034
SF_Total,4,Conjunction,5,0,0.0,39034
SF_Total,4,Opposition,5,0,0.0,39034
SF_Total,4,Conjunction,6,0,0.0,39034
SF_Total,4,Opposition,6,0,0.0,39034
SF_Total,4,Conjunction,7,0,0.0,39034
SF_Total,4,Opposition,7,0,0.0,39034
SF_Total,5,Conjunction,0,31889,81.6954,39034
SF_Total,5,Opposition,0,32139,82.3359,39034
SF_Total,5,Conjunction,1,6347,16.2602,39034
SF_Total,5,Opposition,1,6192,15.8631,39034
SF_Total,5,Conjunction,2,742,1.9009,39034
SF_Total,5,Opposition,2,639,1.637,39034
SF_Total,5,Conjunction,3,53,0.1358,39034
SF_Total,5,Opposition,3,64,0.164,39034
SF_Total,5,Conjunction,4,3,0.0077,39034
SF_Total,5,Opposition,4,0,0.0,39034
SF_Total,5,Conjunction,5,0,0.0,39034
SF_Total,5,Opposition,5,0,0.0,39034
SF_Total,5,Conjunction,6,0,0.0,39034
SF_Total,5,Opposition,6,0,0.0,39034
SF_Total,5,Conjunction,7,0,0.0,39034
SF_Total,5,Opposition,7,0,0.0,39034
SF_Total,6,Conjunction,0,30609,78.4163,39034
SF_Total,6,Opposition,0,30914,79.1976,39034
SF_Total,6,Conjunction,1,7340,18.8041,39034
SF_Total,6,Opposition,1,7159,18.3404,39034
SF_Total,6,Conjunction,2,972,2.4901,39034
SF_Total,6,Opposition,2,842,2.1571,39034
SF_Total,6,Conjunction,3,108,0.2767,39034
SF_Total,6,Opposition,3,113,0.2895,39034
SF_Total,6,Conjunction,4,5,0.0128,39034
SF_Total,6,Opposition,4,6,0.0154,39034
SF_Total,6,Conjunction,5,0,0.0,39034
SF_Total,6,Opposition,5,0,0.0,39034
SF_Total,6,Conjunction,6,0,0.0,39034
SF_Total,6,Opposition,6,0,0.0,39034
SF_Total,6,Conjunction,7,0,0.0,39034
SF_Total,6,Opposition,7,0,0.0,39034
SF_Total,7,Conjunction,0,29380,75.2677,39034
SF_Total,7,Opposition,0,29751,76.2182,39034
SF_Total,7,Conjunction,1,8230,21.0842,39034
SF_Total,7,Opposition,1,8015,20.5334,39034
SF_Total,7,Conjunction,2,1271,3.2561,39034
SF_Total,7,Opposition,2,1093,2.8001,39034
SF_Total,7,Conjunction,3,146,0.374,39034
SF_Total,7,Opposition,3,165,0.4227,39034
SF_Total,7,Conjunction,4,7,0.0179,39034
SF_Total,7,Opposition,4,10,0.0256,39034
SF_Total,7,Conjunction,5,0,0.0,39034
SF_Total,7,Opposition,5,0,0.0,39034
SF_Total,7,Conjunction,6,0,0.0,39034
SF_Total,7,Opposition,6,0,0.0,39034
SF_Total,7,Conjunction,7,0,0.0,39034
SF_Total,7,Opposition,7,0,0.0,39034
SF_Total,8,Conjunction,0,28264,72.4087,39034
SF_Total,8,Opposition,0,28673,73.4565,39034
SF_Total,8,Conjunction,1,8963,22.962,39034
SF_Total,8,Opposition,1,8770,22.4676,39034
SF_Total,8,Conjunction,2,1597,4.0913,39034
SF_Total,8,Opposition,2,1328,3.4022,39034
SF_Total,8,Conjunction,3,200,0.5124,39034
SF_Total,8,Opposition,3,244,0.6251,39034
SF_Total,8,Conjunction,4,10,0.0256,39034
SF_Total,8,Opposition,4,19,0.0487,39034
SF_Total,8,Conjunction,5,0,0.0,39034
SF_Total,8,Opposition,5,0,0.0,39034
SF_Total,8,Conjunction,6,0,0.0,39034
SF_Total,8,Opposition,6,0,0.0,39034
SF_Total,8,Conjunction,7,0,0.0,39034
SF_Total,8,Opposition,7,0,0.0,39034
SF_Total,9,Conjunction,0,27242,69.7904,39034
SF_Total,9,Opposition,0,27609,70.7306,39034
SF_Total,9,Conjunction,1,9557,24.4838,39034
SF_Total,9,Opposition,1,9481,24.2891,39034
SF_Total,9,Conjunction,2,1944,4.9803,39034
SF_Total,9,Opposition,2,1599,4.0964,39034
SF_Total,9,Conjunction,3,269,0.6891,39034
SF_Total,9,Opposition,3,314,0.8044,39034
SF_Total,9,Conjunction,4,22,0.0564,39034
SF_Total,9,Opposition,4,30,0.0769,39034
SF_Total,9,Conjunction,5,0,0.0,39034
SF_Total,9,Opposition,5,1,0.0026,39034
SF_Total,9,Conjunction,6,0,0.0,39034
SF_Total,9,Opposition,6,0,0.0,39034
SF_Total,9,Conjunction,7,0,0.0,39034
SF_Total,9,Opposition,7,0,0.0,39034
SF_Total,10,Conjunction,0,26171,67.0467,39034
SF_Total,10,Opposition,0,26503,67.8972,39034
SF_Total,10,Conjunction,1,10194,26.1157,39034
SF_Total,10,Opposition,1,10207,26.149,39034
SF_Total,10,Conjunction,2,2278,5.8359,39034
SF_Total,10,Opposition,2,1878,4.8112,39034
SF_Total,10,Conjunction,3,359,0.9197,39034
SF_Total,10,Opposition,3,400,1.0247,39034
SF_Total,10,Conjunction,4,31,0.0794,39034
SF_Total,10,Opposition,4,45,0.1153,39034
SF_Total,10,Conjunction,5,1,0.0026,39034
SF_Total,10,Opposition,5,1,0.0026,39034
SF_Total,10,Conjunction,6,0,0.0,39034
SF_Total,10,Opposition,6,0,0.0,39034
SF_Total,10,Conjunction,7,0,0.0,39034
SF_Total,10,Opposition,7,0,0.0,39034
SF_Total,11,Conjunction,0,25233,64.6436,39034
SF_Total,11,Opposition,0,25561,65.4839,39034
SF_Total,11,Conjunction,1,10644,27.2685,39034
SF_Total,11,Opposition,1,10777,27.6093,39034
SF_Total,11,Conjunction,2,2660,6.8146,39034
SF_Total,11,Opposition,2,2152,5.5131,39034
SF_Total,11,Conjunction,3,451,1.1554,39034
SF_Total,11,Opposition,3,479,1.2271,39034
SF_Total,11,Conjunction,4,44,0.1127,39034
SF_Total,11,Opposition,4,64,0.164,39034
SF_Total,11,Conjunction,5,2,0.0051,39034
SF_Total,11,Opposition,5,1,0.0026,39034
SF_Total,11,Conjunction,6,0,0.0,39034
SF_Total,11,Opposition,6,0,0.0,39034
SF_Total,11,Conjunction,7,0,0.0,39034
SF_Total,11,Opposition,7,0,0.0,39034
SF_Total,12,Conjunction,0,24406,62.525,39034
SF_Total,12,Opposition,0,24622,63.0783,39034
SF_Total,12,Conjunction,1,11002,28.1857,39034
SF_Total,12,Opposition,1,11279,28.8953,39034
SF_Total,12,Conjunction,2,2993,7.6677,39034
SF_Total,12,Opposition,2,2462,6.3073,39034
SF_Total,12,Conjunction,3,561,1.4372,39034
SF_Total,12,Opposition,3,578,1.4808,39034
SF_Total,12,Conjunction,4,69,0.1768,39034
SF_Total,12,Opposition,4,92,0.2357,39034
SF_Total,12,Conjunction,5,3,0.0077,39034
SF_Total,12,Opposition,5,1,0.0026,39034
SF_Total,12,Conjunction,6,0,0.0,39034
SF_Total,12,Opposition,6,0,0.0,39034
SF_Total,12,Conjunction,7,0,0.0,39034
SF_Total,12,Opposition,7,0,0.0,39034
SF_Total,13,Conjunction,0,23493,60.186,39034
SF_Total,13,Opposition,0,23740,60.8188,39034
SF_Total,13,Conjunction,1,11441,29.3103,39034
SF_Total,13,Opposition,1,11713,30.0072,39034
SF_Total,13,Conjunction,2,3312,8.4849,39034
SF_Total,13,Opposition,2,2756,7.0605,39034
SF_Total,13,Conjunction,3,698,1.7882,39034
SF_Total,13,Opposition,3,699,1.7907,39034
SF_Total,13,Conjunction,4,86,0.2203,39034
SF_Total,13,Opposition,4,124,0.3177,39034
SF_Total,13,Conjunction,5,4,0.0102,39034
SF_Total,13,Opposition,5,2,0.0051,39034
SF_Total,13,Conjunction,6,0,0.0,39034
SF_Total,13,Opposition,6,0,0.0,39034
SF_Total,13,Conjunction,7,0,0.0,39034
SF_Total,13,Opposition,7,0,0.0,39034
SF_Total,14,Conjunction,0,22662,58.0571,39034
SF_Total,14,Opposition,0,22889,58.6386,39034
SF_Total,14,Conjunction,1,11761,30.1301,39034
SF_Total,14,Opposition,1,12082,30.9525,39034
SF_Total,14,Conjunction,2,3629,9.297,39034
SF_Total,14,Opposition,2,3117,7.9853,39034
SF_Total,14,Conjunction,3,861,2.2058,39034
SF_Total,14,Opposition,3,792,2.029,39034
SF_Total,14,Conjunction,4,115,0.2946,39034
SF_Total,14,Opposition,4,150,0.3843,39034
SF_Total,14,Conjunction,5,6,0.0154,39034
SF_Total,14,Opposition,5,4,0.0102,39034
SF_Total,14,Conjunction,6,0,0.0,39034
SF_Total,14,Opposition,6,0,0.0,39034
SF_Total,14,Conjunction,7,0,0.0,39034
SF_Total,14,Opposition,7,0,0.0,39034
SF_Total,15,Conjunction,0,21852,55.982,39034
SF_Total,15,Opposition,0,22023,56.42,39034
SF_Total,15,Conjunction,1,12112,31.0294,39034
SF_Total,15,Opposition,1,12490,31.9977,39034
SF_Total,15,Conjunction,2,3910,10.0169,39034
SF_Total,15,Opposition,2,3416,8.7513,39034
SF_Total,15,Conjunction,3,1012,2.5926,39034
SF_Total,15,Opposition,3,921,2.3595,39034
SF_Total,15,Conjunction,4,135,0.3459,39034
SF_Total,15,Opposition,4,177,0.4535,39034
SF_Total,15,Conjunction,5,13,0.0333,39034
SF_Total,15,Opposition,5,7,0.0179,39034
SF_Total,15,Conjunction,6,0,0.0,39034
SF_Total,15,Opposition,6,0,0.0,39034
SF_Total,15,Conjunction,7,0,0.0,39034
SF_Total,15,Opposition,7,0,0.0,39034
SF_Total,16,Conjunction,0,21025,53.8633,39034
SF_Total,16,Opposition,0,21201,54.3142,39034
SF_Total,16,Conjunction,1,12438,31.8645,39034
SF_Total,16,Opposition,1,12813,32.8252,39034
SF_Total,16,Conjunction,2,4217,10.8034,39034
SF_Total,16,Opposition,2,3761,9.6352,39034
SF_Total,16,Conjunction,3,1161,2.9743,39034
SF_Total,16,Opposition,3,1043,2.672,39034
SF_Total,16,Conjunction,4,177,0.4535,39034
SF_Total,16,Opposition,4,206,0.5277,39034
SF_Total,16,Conjunction,5,16,0.041,39034
SF_Total,16,Opposition,5,10,0.0256,39034
SF_Total,16,Conjunction,6,0,0.0,39034
SF_Total,16,Opposition,6,0,0.0,39034
SF_Total,16,Conjunction,7,0,0.0,39034
SF_Total,16,Opposition,7,0,0.0,39034
SF_Total,17,Conjunction,0,20290,51.9803,39034
SF_Total,17,Opposition,0,20415,52.3006,39034
SF_Total,17,Conjunction,1,12685,32.4973,39034
SF_Total,17,Opposition,1,13095,33.5477,39034
SF_Total,17,Conjunction,2,4503,11.5361,39034
SF_Total,17,Opposition,2,4114,10.5395,39034
SF_Total,17,Conjunction,3,1318,3.3765,39034
SF_Total,17,Opposition,3,1150,2.9461,39034
SF_Total,17,Conjunction,4,214,0.5482,39034
SF_Total,17,Opposition,4,247,0.6328,39034
SF_Total,17,Conjunction,5,24,0.0615,39034
SF_Total,17,Opposition,5,13,0.0333,39034
SF_Total,17,Conjunction,6,0,0.0,39034
SF_Total,17,Opposition,6,0,0.0,39034
SF_Total,17,Conjunction,7,0,0.0,39034
SF_Total,17,Opposition,7,0,0.0,39034
SF_Total,18,Conjunction,0,19575,50.1486,39034
SF_Total,18,Opposition,0,19702,50.4739,39034
SF_Total,18,Conjunction,1,12888,33.0174,39034
SF_Total,18,Opposition,1,13290,34.0472,39034
SF_Total,18,Conjunction,2,4789,12.2688,39034
SF_Total,18,Opposition,2,4440,11.3747,39034
SF_Total,18,Conjunction,3,1485,3.8044,39034
SF_Total,18,Opposition,3,1281,3.2818,39034
SF_Total,18,Conjunction,4,270,0.6917,39034
SF_Total,18,Opposition,4,299,0.766,39034
SF_Total,18,Conjunction,5,24,0.0615,39034
SF_Total,18,Opposition,5,22,0.0564,39034
SF_Total,18,Conjunction,6,3,0.0077,39034
SF_Total,18,Opposition,6,0,0.0,39034
SF_Total,18,Conjunction,7,0,0.0,39034
SF_Total,18,Opposition,7,0,0.0,39034
SF_Total,19,Conjunction,0,18916,48.4603,39034
SF_Total,19,Opposition,0,19004,48.6858,39034
SF_Total,19,Conjunction,1,13020,33.3555,39034
SF_Total,19,Opposition,1,13478,34.5289,39034
SF_Total,19,Conjunction,2,5100,13.0655,39034
SF_Total,19,Opposition,2,4756,12.1842,39034
SF_Total,19,Conjunction,3,1645,4.2143,39034
SF_Total,19,Opposition,3,1413,3.6199,39034
SF_Total,19,Conjunction,4,322,0.8249,39034
SF_Total,19,Opposition,4,354,0.9069,39034
SF_Total,19,Conjunction,5,27,0.0692,39034
SF_Total,19,Opposition,5,29,0.0743,39034
SF_Total,19,Conjunction,6,4,0.0102,39034
SF_Total,19,Opposition,6,0,0.0,39034
SF_Total,19,Conjunction,7,0,0.0,39034
SF_Total,19,Opposition,7,0,0.0,39034
SF_Total,20,Conjunction,0,18213,46.6593,39034
SF_Total,20,Opposition,0,18316,46.9232,39034
SF_Total,20,Conjunction,1,13213,33.85,39034
SF_Total,20,Opposition,1,13638,34.9388,39034
SF_Total,20,Conjunction,2,5353,13.7137,39034
SF_Total,20,Opposition,2,5078,13.0092,39034
SF_Total,20,Conjunction,3,1838,4.7087,39034
SF_Total,20,Opposition,3,1564,4.0068,39034
SF_Total,20,Conjunction,4,377,0.9658,39034
SF_Total,20,Opposition,4,398,1.0196,39034
SF_Total,20,Conjunction,5,35,0.0897,39034
SF_Total,20,Opposition,5,40,0.1025,39034
SF_Total,20,Conjunction,6,5,0.0128,39034
SF_Total,20,Opposition,6,0,0.0,39034
SF_Total,20,Conjunction,7,0,0.0,39034
SF_Total,20,Opposition,7,0,0.0,39034
SF_Total,21,Conjunction,0,17548,44.9557,39034
SF_Total,21,Opposition,0,17677,45.2862,39034
SF_Total,21,Conjunction,1,13342,34.1805,39034
SF_Total,21,Opposition,1,13689,35.0694,39034
SF_Total,21,Conjunction,2,5628,14.4182,39034
SF_Total,21,Opposition,2,5422,13.8905,39034
SF_Total,21,Conjunction,3,2020,5.175,39034
SF_Total,21,Opposition,3,1754,4.4935,39034
SF_Total,21,Conjunction,4,451,1.1554,39034
SF_Total,21,Opposition,4,440,1.1272,39034
SF_Total,21,Conjunction,5,37,0.0948,39034
SF_Total,21,Opposition,5,52,0.1332,39034
SF_Total,21,Conjunction,6,8,0.0205,39034
SF_Total,21,Opposition,6,0,0.0,39034
SF_Total,21,Conjunction,7,0,0.0,39034
SF_Total,21,Opposition,7,0,0.0,39034
SF_Total,22,Conjunction,0,16917,43.3391,39034
SF_Total,22,Opposition,0,17042,43.6594,39034
SF_Total,22,Conjunction,1,13427,34.3982,39034
SF_Total,22,Opposition,1,13765,35.2641,39034
SF_Total,22,Conjunction,2,5890,15.0894,39034
SF_Total,22,Opposition,2,5762,14.7615,39034
SF_Total,22,Conjunction,3,2234,5.7232,39034
SF_Total,22,Opposition,3,1927,4.9367,39034
SF_Total,22,Conjunction,4,505,1.2937,39034
SF_Total,22,Opposition,4,471,1.2066,39034
SF_Total,22,Conjunction,5,53,0.1358,39034
SF_Total,22,Opposition,5,67,0.1716,39034
SF_Total,22,Conjunction,6,8,0.0205,39034
SF_Total,22,Opposition,6,0,0.0,39034
SF_Total,22,Conjunction,7,0,0.0,39034
SF_Total,22,Opposition,7,0,0.0,39034
SF_Total,23,Conjunction,0,16298,41.7533,39034
SF_Total,23,Opposition,0,16421,42.0685,39034
SF_Total,23,Conjunction,1,13473,34.5161,39034
SF_Total,23,Opposition,1,13822,35.4102,39034
SF_Total,23,Conjunction,2,6188,15.8528,39034
SF_Total,23,Opposition,2,6062,15.5301,39034
SF_Total,23,Conjunction,3,2426,6.2151,39034
SF_Total,23,Opposition,3,2129,5.4542,39034
SF_Total,23,Conjunction,4,572,1.4654,39034
SF_Total,23,Opposition,4,519,1.3296,39034
SF_Total,23,Conjunction,5,67,0.1716,39034
SF_Total,23,Opposition,5,81,0.2075,39034
SF_Total,23,Conjunction,6,10,0.0256,39034
SF_Total,23,Opposition,6,0,0.0,39034
SF_Total,23,Conjunction,7,0,0.0,39034
SF_Total,23,Opposition,7,0,0.0,39034
SF_Total,24,Conjunction,0,15709,40.2444,39034
SF_Total,24,Opposition,0,15758,40.3699,39034
SF_Total,24,Conjunction,1,13523,34.6442,39034
SF_Total,24,Opposition,1,13893,35.592,39034
SF_Total,24,Conjunction,2,6445,16.5112,39034
SF_Total,24,Opposition,2,6385,16.3575,39034
SF_Total,24,Conjunction,3,2643,6.771,39034
SF_Total,24,Opposition,3,2324,5.9538,39034
SF_Total,24,Conjunction,4,620,1.5884,39034
SF_Total,24,Opposition,4,576,1.4756,39034
SF_Total,24,Conjunction,5,81,0.2075,39034
SF_Total,24,Opposition,5,97,0.2485,39034
SF_Total,24,Conjunction,6,13,0.0333,39034
SF_Total,24,Opposition,6,1,0.0026,39034
SF_Total,24,Conjunction,7,0,0.0,39034
SF_Total,24,Opposition,7,0,0.0,39034
SF_Total,25,Conjunction,0,15116,38.7252,39034
SF_Total,25,Opposition,0,15177,38.8815,39034
SF_Total,25,Conjunction,1,13568,34.7594,39034
SF_Total,25,Opposition,1,13925,35.674,39034
SF_Total,25,Conjunction,2,6710,17.1901,39034
SF_Total,25,Opposition,2,6689,17.1363,39034
SF_Total,25,Conjunction,3,2816,7.2142,39034
SF_Total,25,Opposition,3,2496,6.3944,39034
SF_Total,25,Conjunction,4,703,1.801,39034
SF_Total,25,Opposition,4,635,1.6268,39034
SF_Total,25,Conjunction,5,107,0.2741,39034
SF_Total,25,Opposition,5,110,0.2818,39034
SF_Total,25,Conjunction,6,14,0.0359,39034
SF_Total,25,Opposition,6,2,0.0051,39034
SF_Total,25,Conjunction,7,0,0.0,39034
SF_Total,25,Opposition,7,0,0.0,39034
SF_Total,26,Conjunction,0,14560,37.3008,39034
SF_Total,26,Opposition,0,14588,37.3725,39034
SF_Total,26,Conjunction,1,13574,34.7748,39034
SF_Total,26,Opposition,1,13944,35.7227,39034
SF_Total,26,Conjunction,2,6968,17.8511,39034
SF_Total,26,Opposition,2,7024,17.9946,39034
SF_Total,26,Conjunction,3,3007,7.7035,39034
SF_Total,26,Opposition,3,2639,6.7608,39034
SF_Total,26,Conjunction,4,785,2.0111,39034
SF_Total,26,Opposition,4,695,1.7805,39034
SF_Total,26,Conjunction,5,120,0.3074,39034
SF_Total,26,Opposition,5,142,0.3638,39034
SF_Total,26,Conjunction,6,20,0.0512,39034
SF_Total,26,Opposition,6,2,0.0051,39034
SF_Total,26,Conjunction,7,0,0.0,39034
SF_Total,26,Opposition,7,0,0.0,39034
SF_Total,27,Conjunction,0,14033,35.9507,39034
SF_Total,27,Opposition,0,14076,36.0609,39034
SF_Total,27,Conjunction,1,13578,34.7851,39034
SF_Total,27,Opposition,1,13871,35.5357,39034
SF_Total,27,Conjunction,2,7190,18.4198,39034
SF_Total,27,Opposition,2,7303,18.7093,39034
SF_Total,27,Conjunction,3,3203,8.2057,39034
SF_Total,27,Opposition,3,2861,7.3295,39034
SF_Total,27,Conjunction,4,868,2.2237,39034
SF_Total,27,Opposition,4,759,1.9445,39034
SF_Total,27,Conjunction,5,139,0.3561,39034
SF_Total,27,Opposition,5,162,0.415,39034
SF_Total,27,Conjunction,6,23,0.0589,39034
SF_Total,27,Opposition,6,2,0.0051,39034
SF_Total,27,Conjunction,7,0,0.0,39034
SF_Total,27,Opposition,7,0,0.0,39034
SF_Total,28,Conjunction,0,13524,34.6467,39034
SF_Total,28,Opposition,0,13546,34.7031,39034
SF_Total,28,Conjunction,1,13575,34.7774,39034
SF_Total,28,Opposition,1,13832,35.4358,39034
SF_Total,28,Conjunction,2,7378,18.9015,39034
SF_Total,28,Opposition,2,7555,19.3549,39034
SF_Total,28,Conjunction,3,3403,8.718,39034
SF_Total,28,Opposition,3,3078,7.8854,39034
SF_Total,28,Conjunction,4,970,2.485,39034
SF_Total,28,Opposition,4,847,2.1699,39034
SF_Total,28,Conjunction,5,155,0.3971,39034
SF_Total,28,Opposition,5,174,0.4458,39034
SF_Total,28,Conjunction,6,29,0.0743,39034
SF_Total,28,Opposition,6,2,0.0051,39034
SF_Total,28,Conjunction,7,0,0.0,39034
SF_Total,28,Opposition,7,0,0.0,39034
SF_Total,29,Conjunction,0,12994,33.2889,39034
SF_Total,29,Opposition,0,13016,33.3453,39034
SF_Total,29,Conjunction,1,13590,34.8158,39034
SF_Total,29,Opposition,1,13801,35.3564,39034
SF_Total,29,Conjunction,2,7569,19.3908,39034
SF_Total,29,Opposition,2,7808,20.0031,39034
SF_Total,29,Conjunction,3,3590,9.1971,39034
SF_Total,29,Opposition,3,3269,8.3748,39034
SF_Total,29,Conjunction,4,1066,2.731,39034
SF_Total,29,Opposition,4,938,2.403,39034
SF_Total,29,Conjunction,5,189,0.4842,39034
SF_Total,29,Opposition,5,198,0.5073,39034
SF_Total,29,Conjunction,6,36,0.0922,39034
SF_Total,29,Opposition,6,4,0.0102,39034
SF_Total,29,Conjunction,7,0,0.0,39034
SF_Total,29,Opposition,7,0,0.0,39034
SF_Total,30,Conjunction,0,12550,32.1515,39034
SF_Total,30,Opposition,0,12527,32.0925,39034
SF_Total,30,Conjunction,1,13480,34.534,39034
SF_Total,30,Opposition,1,13700,35.0976,39034
SF_Total,30,Conjunction,2,7770,19.9057,39034
SF_Total,30,Opposition,2,8045,20.6102,39034
SF_Total,30,Conjunction,3,3826,9.8017,39034
SF_Total,30,Opposition,3,3497,8.9589,39034
SF_Total,30,Conjunction,4,1135,2.9077,39034
SF_Total,30,Opposition,4,1036,2.6541,39034
SF_Total,30,Conjunction,5,232,0.5944,39034
SF_Total,30,Opposition,5,224,0.5739,39034
SF_Total,30,Conjunction,6,41,0.105,39034
SF_Total,30,Opposition,6,5,0.0128,39034
SF_Total,30,Conjunction,7,0,0.0,39034
SF_Total,30,Opposition,7,0,0.0,39034
SF_B-Class,1,Conjunction,0,6862,96.2817,7127
SF_B-Class,1,Opposition,0,6883,96.5764,7127
SF_B-Class,1,Conjunction,1,256,3.592,7127
SF_B-Class,1,Opposition,1,241,3.3815,7127
SF_B-Class,1,Conjunction,2,9,0.1263,7127
SF_B-Class,1,Opposition,2,3,0.0421,7127
SF_B-Class,1,Conjunction,3,0,0.0,7127
SF_B-Class,1,Opposition,3,0,0.0,7127
SF_B-Class,1,Conjunction,4,0,0.0,7127
SF_B-Class,1,Opposition,4,0,0.0,7127
SF_B-Class,1,Conjunction,5,0,0.0,7127
SF_B-Class,1,Opposition,5,0,0.0,7127
SF_B-Class,1,Conjunction,6,0,0.0,7127
SF_B-Class,1,Opposition,6,0,0.0,7127
SF_B-Class,1,Conjunction,7,0,0.0,7127
SF_B-Class,1,Opposition,7,0,0.0,7127
SF_B-Class,2,Conjunction,0,6601,92.6196,7127
SF_B-Class,2,Opposition,0,6624,92.9423,7127
SF_B-Class,2,Conjunction,1,497,6.9735,7127
SF_B-Class,2,Opposition,1,484,6.7911,7127
SF_B-Class,2,Conjunction,2,28,0.3929,7127
SF_B-Class,2,Opposition,2,17,0.2385,7127
SF_B-Class,2,Conjunction,3,1,0.014,7127
SF_B-Class,2,Opposition,3,2,0.0281,7127
SF_B-Class,2,Conjunction,4,0,0.0,7127
SF_B-Class,2,Opposition,4,0,0.0,7127
SF_B-Class,2,Conjunction,5,0,0.0,7127
SF_B-Class,2,Opposition,5,0,0.0,7127
SF_B-Class,2,Conjunction,6,0,0.0,7127
SF_B-Class,2,Opposition,6,0,0.0,7127
SF_B-Class,2,Conjunction,7,0,0.0,7127
SF_B-Class,2,Opposition,7,0,0.0,7127
SF_B-Class,3,Conjunction,0,6344,89.0136,7127
SF_B-Class,3,Opposition,0,6382,89.5468,7127
SF_B-Class,3,Conjunction,1,713,10.0042,7127
SF_B-Class,3,Opposition,1,708,9.9341,7127
SF_B-Class,3,Conjunction,2,69,0.9681,7127
SF_B-Class,3,Opposition,2,32,0.449,7127
SF_B-Class,3,Conjunction,3,1,0.014,7127
SF_B-Class,3,Opposition,3,5,0.0702,7127
SF_B-Class,3,Conjunction,4,0,0.0,7127
SF_B-Class,3,Opposition,4,0,0.0,7127
SF_B-Class,3,Conjunction,5,0,0.0,7127
SF_B-Class,3,Opposition,5,0,0.0,7127
SF_B-Class,3,Conjunction,6,0,0.0,7127
SF_B-Class,3,Opposition,6,0,0.0,7127
SF_B-Class,3,Conjunction,7,0,0.0,7127
SF_B-Class,3,Opposition,7,0,0.0,7127
SF_B-Class,4,Conjunction,0,6093,85.4918,7127
SF_B-Class,4,Opposition,0,6154,86.3477,7127
SF_B-Class,4,Conjunction,1,922,12.9367,7127
SF_B-Class,4,Opposition,1,901,12.6421,7127
SF_B-Class,4,Conjunction,2,108,1.5154,7127
SF_B-Class,4,Opposition,2,66,0.9261,7127
SF_B-Class,4,Conjunction,3,4,0.0561,7127
SF_B-Class,4,Opposition,3,6,0.0842,7127
SF_B-Class,4,Conjunction,4,0,0.0,7127
SF_B-Class,4,Opposition,4,0,0.0,7127
SF_B-Class,4,Conjunction,5,0,0.0,7127
SF_B-Class,4,Opposition,5,0,0.0,7127
SF_B-Class,4,Conjunction,6,0,0.0,7127
SF_B-Class,4,Opposition,6,0,0.0,7127
SF_B-Class,4,Conjunction,7,0,0.0,7127
SF_B-Class,4,Opposition,7,0,0.0,7127
SF_B-Class,5,Conjunction,0,5835,81.8718,7127
SF_B-Class,5,Opposition,0,5921,83.0784,7127
SF_B-Class,5,Conjunction,1,1148,16.1078,7127
SF_B-Class,5,Opposition,1,1104,15.4904,7127
SF_B-Class,5,Conjunction,2,136,1.9082,7127
SF_B-Class,5,Opposition,2,87,1.2207,7127
SF_B-Class,5,Conjunction,3,8,0.1122,7127
SF_B-Class,5,Opposition,3,15,0.2105,7127
SF_B-Class,5,Conjunction,4,0,0.0,7127
SF_B-Class,5,Opposition,4,0,0.0,7127
SF_B-Class,5,Conjunction,5,0,0.0,7127
SF_B-Class,5,Opposition,5,0,0.0,7127
SF_B-Class,5,Conjunction,6,0,0.0,7127
SF_B-Class,5,Opposition,6,0,0.0,7127
SF_B-Class,5,Conjunction,7,0,0.0,7127
SF_B-Class,5,Opposition,7,0,0.0,7127
SF_B-Class,6,Conjunction,0,5581,78.3078,7127
SF_B-Class,6,Opposition,0,5681,79.711,7127
SF_B-Class,6,Conjunction,1,1343,18.8438,7127
SF_B-Class,6,Opposition,1,1304,18.2966,7127
SF_B-Class,6,Conjunction,2,188,2.6379,7127
SF_B-Class,6,Opposition,2,123,1.7258,7127
SF_B-Class,6,Conjunction,3,14,0.1964,7127
SF_B-Class,6,Opposition,3,18,0.2526,7127
SF_B-Class,6,Conjunction,4,1,0.014,7127
SF_B-Class,6,Opposition,4,1,0.014,7127
SF_B-Class,6,Conjunction,5,0,0.0,7127
SF_B-Class,6,Opposition,5,0,0.0,7127
SF_B-Class,6,Conjunction,6,0,0.0,7127
SF_B-Class,6,Opposition,6,0,0.0,7127
SF_B-Class,6,Conjunction,7,0,0.0,7127
SF_B-Class,6,Opposition,7,0,0.0,7127
SF_B-Class,7,Conjunction,0,5351,75.0807,7127
SF_B-Class,7,Opposition,0,5462,76.6381,7127
SF_B-Class,7,Conjunction,1,1509,21.173,7127
SF_B-Class,7,Opposition,1,1480,20.7661,7127
SF_B-Class,7,Conjunction,2,246,3.4517,7127
SF_B-Class,7,Opposition,2,158,2.2169,7127
SF_B-Class,7,Conjunction,3,20,0.2806,7127
SF_B-Class,7,Opposition,3,26,0.3648,7127
SF_B-Class,7,Conjunction,4,1,0.014,7127
SF_B-Class,7,Opposition,4,1,0.014,7127
SF_B-Class,7,Conjunction,5,0,0.0,7127
SF_B-Class,7,Opposition,5,0,0.0,7127
SF_B-Class,7,Conjunction,6,0,0.0,7127
SF_B-Class,7,Opposition,6,0,0.0,7127
SF_B-Class,7,Conjunction,7,0,0.0,7127
SF_B-Class,7,Opposition,7,0,0.0,7127
SF_B-Class,8,Conjunction,0,5147,72.2183,7127
SF_B-Class,8,Opposition,0,5286,74.1687,7127
SF_B-Class,8,Conjunction,1,1650,23.1514,7127
SF_B-Class,8,Opposition,1,1595,22.3797,7127
SF_B-Class,8,Conjunction,2,304,4.2655,7127
SF_B-Class,8,Opposition,2,208,2.9185,7127
SF_B-Class,8,Conjunction,3,24,0.3367,7127
SF_B-Class,8,Opposition,3,37,0.5192,7127
SF_B-Class,8,Conjunction,4,2,0.0281,7127
SF_B-Class,8,Opposition,4,1,0.014,7127
SF_B-Class,8,Conjunction,5,0,0.0,7127
SF_B-Class,8,Opposition,5,0,0.0,7127
SF_B-Class,8,Conjunction,6,0,0.0,7127
SF_B-Class,8,Opposition,6,0,0.0,7127
SF_B-Class,8,Conjunction,7,0,0.0,7127
SF_B-Class,8,Opposition,7,0,0.0,7127
SF_B-Class,9,Conjunction,0,4964,69.6506,7127
SF_B-Class,9,Opposition,0,5048,70.8292,7127
SF_B-Class,9,Conjunction,1,1749,24.5405,7127
SF_B-Class,9,Opposition,1,1765,24.765,7127
SF_B-Class,9,Conjunction,2,377,5.2897,7127
SF_B-Class,9,Opposition,2,269,3.7744,7127
SF_B-Class,9,Conjunction,3,32,0.449,7127
SF_B-Class,9,Opposition,3,44,0.6174,7127
SF_B-Class,9,Conjunction,4,5,0.0702,7127
SF_B-Class,9,Opposition,4,0,0.0,7127
SF_B-Class,9,Conjunction,5,0,0.0,7127
SF_B-Class,9,Opposition,5,1,0.014,7127
SF_B-Class,9,Conjunction,6,0,0.0,7127
SF_B-Class,9,Opposition,6,0,0.0,7127
SF_B-Class,9,Conjunction,7,0,0.0,7127
SF_B-Class,9,Opposition,7,0,0.0,7127
SF_B-Class,10,Conjunction,0,4770,66.9286,7127
SF_B-Class,10,Opposition,0,4835,67.8406,7127
SF_B-Class,10,Conjunction,1,1868,26.2102,7127
SF_B-Class,10,Opposition,1,1896,26.6031,7127
SF_B-Class,10,Conjunction,2,439,6.1597,7127
SF_B-Class,10,Opposition,2,339,4.7566,7127
SF_B-Class,10,Conjunction,3,45,0.6314,7127
SF_B-Class,10,Opposition,3,56,0.7857,7127
SF_B-Class,10,Conjunction,4,5,0.0702,7127
SF_B-Class,10,Opposition,4,0,0.0,7127
SF_B-Class,10,Conjunction,5,0,0.0,7127
SF_B-Class,10,Opposition,5,1,0.014,7127
SF_B-Class,10,Conjunction,6,0,0.0,7127
SF_B-Class,10,Opposition,6,0,0.0,7127
SF_B-Class,10,Conjunction,7,0,0.0,7127
SF_B-Class,10,Opposition,7,0,0.0,7127
SF_B-Class,11,Conjunction,0,4601,64.5573,7127
SF_B-Class,11,Opposition,0,4671,65.5395,7127
SF_B-Class,11,Conjunction,1,1953,27.4028,7127
SF_B-Class,11,Opposition,1,1983,27.8238,7127
SF_B-Class,11,Conjunction,2,501,7.0296,7127
SF_B-Class,11,Opposition,2,398,5.5844,7127
SF_B-Class,11,Conjunction,3,62,0.8699,7127
SF_B-Class,11,Opposition,3,73,1.0243,7127
SF_B-Class,11,Conjunction,4,10,0.1403,7127
SF_B-Class,11,Opposition,4,1,0.014,7127
SF_B-Class,11,Conjunction,5,0,0.0,7127
SF_B-Class,11,Opposition,5,1,0.014,7127
SF_B-Class,11,Conjunction,6,0,0.0,7127
SF_B-Class,11,Opposition,6,0,0.0,7127
SF_B-Class,11,Conjunction,7,0,0.0,7127
SF_B-Class,11,Opposition,7,0,0.0,7127
SF_B-Class,12,Conjunction,0,4455,62.5088,7127
SF_B-Class,12,Opposition,0,4501,63.1542,7127
SF_B-Class,12,Conjunction,1,2006,28.1465,7127
SF_B-Class,12,Opposition,1,2075,29.1146,7127
SF_B-Class,12,Conjunction,2,572,8.0258,7127
SF_B-Class,12,Opposition,2,456,6.3982,7127
SF_B-Class,12,Conjunction,3,81,1.1365,7127
SF_B-Class,12,Opposition,3,89,1.2488,7127
SF_B-Class,12,Conjunction,4,13,0.1824,7127
SF_B-Class,12,Opposition,4,5,0.0702,7127
SF_B-Class,12,Conjunction,5,0,0.0,7127
SF_B-Class,12,Opposition,5,1,0.014,7127
SF_B-Class,12,Conjunction,6,0,0.0,7127
SF_B-Class,12,Opposition,6,0,0.0,7127
SF_B-Class,12,Conjunction,7,0,0.0,7127
SF_B-Class,12,Opposition,7,0,0.0,7127
SF_B-Class,13,Conjunction,0,4260,59.7727,7127
SF_B-Class,13,Opposition,0,4342,60.9232,7127
SF_B-Class,13,Conjunction,1,2114,29.6618,7127
SF_B-Class,13,Opposition,1,2153,30.2091,7127
SF_B-Class,13,Conjunction,2,635,8.9098,7127
SF_B-Class,13,Opposition,2,513,7.198,7127
SF_B-Class,13,Conjunction,3,105,1.4733,7127
SF_B-Class,13,Opposition,3,106,1.4873,7127
SF_B-Class,13,Conjunction,4,12,0.1684,7127
SF_B-Class,13,Opposition,4,12,0.1684,7127
SF_B-Class,13,Conjunction,5,1,0.014,7127
SF_B-Class,13,Opposition,5,1,0.014,7127
SF_B-Class,13,Conjunction,6,0,0.0,7127
SF_B-Class,13,Opposition,6,0,0.0,7127
SF_B-Class,13,Conjunction,7,0,0.0,7127
SF_B-Class,13,Opposition,7,0,0.0,7127
SF_B-Class,14,Conjunction,0,4104,57.5838,7127
SF_B-Class,14,Opposition,0,4185,58.7204,7127
SF_B-Class,14,Conjunction,1,2170,30.4476,7127
SF_B-Class,14,Opposition,1,2206,30.9527,7127
SF_B-Class,14,Conjunction,2,716,10.0463,7127
SF_B-Class,14,Opposition,2,603,8.4608,7127
SF_B-Class,14,Conjunction,3,120,1.6837,7127
SF_B-Class,14,Opposition,3,115,1.6136,7127
SF_B-Class,14,Conjunction,4,15,0.2105,7127
SF_B-Class,14,Opposition,4,17,0.2385,7127
SF_B-Class,14,Conjunction,5,2,0.0281,7127
SF_B-Class,14,Opposition,5,1,0.014,7127
SF_B-Class,14,Conjunction,6,0,0.0,7127
SF_B-Class,14,Opposition,6,0,0.0,7127
SF_B-Class,14,Conjunction,7,0,0.0,7127
SF_B-Class,14,Opposition,7,0,0.0,7127
SF_B-Class,15,Conjunction,0,3938,55.2547,7127
SF_B-Class,15,Opposition,0,4034,56.6017,7127
SF_B-Class,15,Conjunction,1,2255,31.6402,7127
SF_B-Class,15,Opposition,1,2278,31.963,7127
SF_B-Class,15,Conjunction,2,775,10.8741,7127
SF_B-Class,15,Opposition,2,649,9.1062,7127
SF_B-Class,15,Conjunction,3,136,1.9082,7127
SF_B-Class,15,Opposition,3,146,2.0485,7127
SF_B-Class,15,Conjunction,4,19,0.2666,7127
SF_B-Class,15,Opposition,4,18,0.2526,7127
SF_B-Class,15,Conjunction,5,4,0.0561,7127
SF_B-Class,15,Opposition,5,2,0.0281,7127
SF_B-Class,15,Conjunction,6,0,0.0,7127
SF_B-Class,15,Opposition,6,0,0.0,7127
SF_B-Class,15,Conjunction,7,0,0.0,7127
SF_B-Class,15,Opposition,7,0,0.0,7127
SF_B-Class,16,Conjunction,0,3777,52.9957,7127
SF_B-Class,16,Opposition,0,3877,54.3988,7127
SF_B-Class,16,Conjunction,1,2331,32.7066,7127
SF_B-Class,16,Opposition,1,2337,32.7908,7127
SF_B-Class,16,Conjunction,2,833,11.6879,7127
SF_B-Class,16,Opposition,2,718,10.0744,7127
SF_B-Class,16,Conjunction,3,157,2.2029,7127
SF_B-Class,16,Opposition,3,173,2.4274,7127
SF_B-Class,16,Conjunction,4,24,0.3367,7127
SF_B-Class,16,Opposition,4,19,0.2666,7127
SF_B-Class,16,Conjunction,5,5,0.0702,7127
SF_B-Class,16,Opposition,5,3,0.0421,7127
SF_B-Class,16,Conjunction,6,0,0.0,7127
SF_B-Class,16,Opposition,6,0,0.0,7127
SF_B-Class,16,Conjunction,7,0,0.0,7127
SF_B-Class,16,Opposition,7,0,0.0,7127
SF_B-Class,17,Conjunction,0,3635,51.0032,7127
SF_B-Class,17,Opposition,0,3746,52.5607,7127
SF_B-Class,17,Conjunction,1,2391,33.5485,7127
SF_B-Class,17,Opposition,1,2386,33.4783,7127
SF_B-Class,17,Conjunction,2,890,12.4877,7127
SF_B-Class,17,Opposition,2,773,10.8461,7127
SF_B-Class,17,Conjunction,3,173,2.4274,7127
SF_B-Class,17,Opposition,3,193,2.708,7127
SF_B-Class,17,Conjunction,4,33,0.463,7127
SF_B-Class,17,Opposition,4,25,0.3508,7127
SF_B-Class,17,Conjunction,5,5,0.0702,7127
SF_B-Class,17,Opposition,5,4,0.0561,7127
SF_B-Class,17,Conjunction,6,0,0.0,7127
SF_B-Class,17,Opposition,6,0,0.0,7127
SF_B-Class,17,Conjunction,7,0,0.0,7127
SF_B-Class,17,Opposition,7,0,0.0,7127
SF_B-Class,18,Conjunction,0,3495,49.0389,7127
SF_B-Class,18,Opposition,0,3615,50.7226,7127
SF_B-Class,18,Conjunction,1,2436,34.1799,7127
SF_B-Class,18,Opposition,1,2416,33.8993,7127
SF_B-Class,18,Conjunction,2,963,13.512,7127
SF_B-Class,18,Opposition,2,834,11.702,7127
SF_B-Class,18,Conjunction,3,188,2.6379,7127
SF_B-Class,18,Opposition,3,226,3.171,7127
SF_B-Class,18,Conjunction,4,38,0.5332,7127
SF_B-Class,18,Opposition,4,30,0.4209,7127
SF_B-Class,18,Conjunction,5,6,0.0842,7127
SF_B-Class,18,Opposition,5,6,0.0842,7127
SF_B-Class,18,Conjunction,6,1,0.014,7127
SF_B-Class,18,Opposition,6,0,0.0,7127
SF_B-Class,18,Conjunction,7,0,0.0,7127
SF_B-Class,18,Opposition,7,0,0.0,7127
SF_B-Class,19,Conjunction,0,3368,47.2569,7127
SF_B-Class,19,Opposition,0,3480,48.8284,7127
SF_B-Class,19,Conjunction,1,2470,34.6569,7127
SF_B-Class,19,Opposition,1,2466,34.6008,7127
SF_B-Class,19,Conjunction,2,1034,14.5082,7127
SF_B-Class,19,Opposition,2,894,12.5438,7127
SF_B-Class,19,Conjunction,3,198,2.7782,7127
SF_B-Class,19,Opposition,3,242,3.3955,7127
SF_B-Class,19,Conjunction,4,49,0.6875,7127
SF_B-Class,19,Opposition,4,38,0.5332,7127
SF_B-Class,19,Conjunction,5,6,0.0842,7127
SF_B-Class,19,Opposition,5,7,0.0982,7127
SF_B-Class,19,Conjunction,6,2,0.0281,7127
SF_B-Class,19,Opposition,6,0,0.0,7127
SF_B-Class,19,Conjunction,7,0,0.0,7127
SF_B-Class,19,Opposition,7,0,0.0,7127
SF_B-Class,20,Conjunction,0,3241,45.475,7127
SF_B-Class,20,Opposition,0,3353,47.0464,7127
SF_B-Class,20,Conjunction,1,2517,35.3164,7127
SF_B-Class,20,Opposition,1,2513,35.2603,7127
SF_B-Class,20,Conjunction,2,1078,15.1256,7127
SF_B-Class,20,Opposition,2,944,13.2454,7127
SF_B-Class,20,Conjunction,3,228,3.1991,7127
SF_B-Class,20,Opposition,3,265,3.7183,7127
SF_B-Class,20,Conjunction,4,51,0.7156,7127
SF_B-Class,20,Opposition,4,45,0.6314,7127
SF_B-Class,20,Conjunction,5,10,0.1403,7127
SF_B-Class,20,Opposition,5,7,0.0982,7127
SF_B-Class,20,Conjunction,6,2,0.0281,7127
SF_B-Class,20,Opposition,6,0,0.0,7127
SF_B-Class,20,Conjunction,7,0,0.0,7127
SF_B-Class,20,Opposition,7,0,0.0,7127
SF_B-Class,21,Conjunction,0,3092,43.3843,7127
SF_B-Class,21,Opposition,0,3228,45.2925,7127
SF_B-Class,21,Conjunction,1,2577,36.1583,7127
SF_B-Class,21,Opposition,1,2532,35.5269,7127
SF_B-Class,21,Conjunction,2,1123,15.757,7127
SF_B-Class,21,Opposition,2,1014,14.2276,7127
SF_B-Class,21,Conjunction,3,263,3.6902,7127
SF_B-Class,21,Opposition,3,295,4.1392,7127
SF_B-Class,21,Conjunction,4,60,0.8419,7127
SF_B-Class,21,Opposition,4,49,0.6875,7127
SF_B-Class,21,Conjunction,5,9,0.1263,7127
SF_B-Class,21,Opposition,5,9,0.1263,7127
SF_B-Class,21,Conjunction,6,3,0.0421,7127
SF_B-Class,21,Opposition,6,0,0.0,7127
SF_B-Class,21,Conjunction,7,0,0.0,7127
SF_B-Class,21,Opposition,7,0,0.0,7127
SF_B-Class,22,Conjunction,0,2954,41.448,7127
SF_B-Class,22,Opposition,0,3113,43.679,7127
SF_B-Class,22,Conjunction,1,2606,36.5652,7127
SF_B-Class,22,Opposition,1,2541,35.6531,7127
SF_B-Class,22,Conjunction,2,1194,16.7532,7127
SF_B-Class,22,Opposition,2,1091,15.308,7127
SF_B-Class,22,Conjunction,3,291,4.0831,7127
SF_B-Class,22,Opposition,3,317,4.4479,7127
SF_B-Class,22,Conjunction,4,66,0.9261,7127
SF_B-Class,22,Opposition,4,55,0.7717,7127
SF_B-Class,22,Conjunction,5,13,0.1824,7127
SF_B-Class,22,Opposition,5,10,0.1403,7127
SF_B-Class,22,Conjunction,6,3,0.0421,7127
SF_B-Class,22,Opposition,6,0,0.0,7127
SF_B-Class,22,Conjunction,7,0,0.0,7127
SF_B-Class,22,Opposition,7,0,0.0,7127
SF_B-Class,23,Conjunction,0,2826,39.652,7127
SF_B-Class,23,Opposition,0,3004,42.1496,7127
SF_B-Class,23,Conjunction,1,2626,36.8458,7127
SF_B-Class,23,Opposition,1,2550,35.7794,7127
SF_B-Class,23,Conjunction,2,1259,17.6652,7127
SF_B-Class,23,Opposition,2,1146,16.0797,7127
SF_B-Class,23,Conjunction,3,321,4.504,7127
SF_B-Class,23,Opposition,3,352,4.939,7127
SF_B-Class,23,Conjunction,4,78,1.0944,7127
SF_B-Class,23,Opposition,4,64,0.898,7127
SF_B-Class,23,Conjunction,5,13,0.1824,7127
SF_B-Class,23,Opposition,5,11,0.1543,7127
SF_B-Class,23,Conjunction,6,4,0.0561,7127
SF_B-Class,23,Opposition,6,0,0.0,7127
SF_B-Class,23,Conjunction,7,0,0.0,7127
SF_B-Class,23,Opposition,7,0,0.0,7127
SF_B-Class,24,Conjunction,0,2714,38.0805,7127
SF_B-Class,24,Opposition,0,2873,40.3115,7127
SF_B-Class,24,Conjunction,1,2639,37.0282,7127
SF_B-Class,24,Opposition,1,2566,36.0039,7127
SF_B-Class,24,Conjunction,2,1298,18.2124,7127
SF_B-Class,24,Opposition,2,1217,17.0759,7127
SF_B-Class,24,Conjunction,3,373,5.2336,7127
SF_B-Class,24,Opposition,3,386,5.416,7127
SF_B-Class,24,Conjunction,4,84,1.1786,7127
SF_B-Class,24,Opposition,4,73,1.0243,7127
SF_B-Class,24,Conjunction,5,15,0.2105,7127
SF_B-Class,24,Opposition,5,11,0.1543,7127
SF_B-Class,24,Conjunction,6,4,0.0561,7127
SF_B-Class,24,Opposition,6,1,0.014,7127
SF_B-Class,24,Conjunction,7,0,0.0,7127
SF_B-Class,24,Opposition,7,0,0.0,7127
SF_B-Class,25,Conjunction,0,2608,36.5932,7127
SF_B-Class,25,Opposition,0,2765,38.7961,7127
SF_B-Class,25,Conjunction,1,2647,37.1405,7127
SF_B-Class,25,Opposition,1,2569,36.046,7127
SF_B-Class,25,Conjunction,2,1341,18.8158,7127
SF_B-Class,25,Opposition,2,1277,17.9178,7127
SF_B-Class,25,Conjunction,3,412,5.7808,7127
SF_B-Class,25,Opposition,3,419,5.8791,7127
SF_B-Class,25,Conjunction,4,98,1.3751,7127
SF_B-Class,25,Opposition,4,84,1.1786,7127
SF_B-Class,25,Conjunction,5,17,0.2385,7127
SF_B-Class,25,Opposition,5,11,0.1543,7127
SF_B-Class,25,Conjunction,6,4,0.0561,7127
SF_B-Class,25,Opposition,6,2,0.0281,7127
SF_B-Class,25,Conjunction,7,0,0.0,7127
SF_B-Class,25,Opposition,7,0,0.0,7127
SF_B-Class,26,Conjunction,0,2505,35.148,7127
SF_B-Class,26,Opposition,0,2664,37.379,7127
SF_B-Class,26,Conjunction,1,2651,37.1966,7127
SF_B-Class,26,Opposition,1,2572,36.0881,7127
SF_B-Class,26,Conjunction,2,1393,19.5454,7127
SF_B-Class,26,Opposition,2,1335,18.7316,7127
SF_B-Class,26,Conjunction,3,450,6.314,7127
SF_B-Class,26,Opposition,3,449,6.3,7127
SF_B-Class,26,Conjunction,4,107,1.5013,7127
SF_B-Class,26,Opposition,4,93,1.3049,7127
SF_B-Class,26,Conjunction,5,17,0.2385,7127
SF_B-Class,26,Opposition,5,12,0.1684,7127
SF_B-Class,26,Conjunction,6,4,0.0561,7127
SF_B-Class,26,Opposition,6,2,0.0281,7127
SF_B-Class,26,Conjunction,7,0,0.0,7127
SF_B-Class,26,Opposition,7,0,0.0,7127
SF_B-Class,27,Conjunction,0,2393,33.5765,7127
SF_B-Class,27,Opposition,0,2569,36.046,7127
SF_B-Class,27,Conjunction,1,2679,37.5894,7127
SF_B-Class,27,Opposition,1,2555,35.8496,7127
SF_B-Class,27,Conjunction,2,1411,19.798,7127
SF_B-Class,27,Opposition,2,1392,19.5314,7127
SF_B-Class,27,Conjunction,3,501,7.0296,7127
SF_B-Class,27,Opposition,3,494,6.9314,7127
SF_B-Class,27,Conjunction,4,121,1.6978,7127
SF_B-Class,27,Opposition,4,102,1.4312,7127
SF_B-Class,27,Conjunction,5,18,0.2526,7127
SF_B-Class,27,Opposition,5,13,0.1824,7127
SF_B-Class,27,Conjunction,6,4,0.0561,7127
SF_B-Class,27,Opposition,6,2,0.0281,7127
SF_B-Class,27,Conjunction,7,0,0.0,7127
SF_B-Class,27,Opposition,7,0,0.0,7127
SF_B-Class,28,Conjunction,0,2298,32.2436,7127
SF_B-Class,28,Opposition,0,2459,34.5026,7127
SF_B-Class,28,Conjunction,1,2685,37.6736,7127
SF_B-Class,28,Opposition,1,2566,36.0039,7127
SF_B-Class,28,Conjunction,2,1438,20.1768,7127
SF_B-Class,28,Opposition,2,1442,20.2329,7127
SF_B-Class,28,Conjunction,3,549,7.7031,7127
SF_B-Class,28,Opposition,3,531,7.4505,7127
SF_B-Class,28,Conjunction,4,133,1.8661,7127
SF_B-Class,28,Opposition,4,113,1.5855,7127
SF_B-Class,28,Conjunction,5,18,0.2526,7127
SF_B-Class,28,Opposition,5,14,0.1964,7127
SF_B-Class,28,Conjunction,6,6,0.0842,7127
SF_B-Class,28,Opposition,6,2,0.0281,7127
SF_B-Class,28,Conjunction,7,0,0.0,7127
SF_B-Class,28,Opposition,7,0,0.0,7127
SF_B-Class,29,Conjunction,0,2182,30.616,7127
SF_B-Class,29,Opposition,0,2357,33.0714,7127
SF_B-Class,29,Conjunction,1,2716,38.1086,7127
SF_B-Class,29,Opposition,1,2580,36.2004,7127
SF_B-Class,29,Conjunction,2,1474,20.6819,7127
SF_B-Class,29,Opposition,2,1485,20.8363,7127
SF_B-Class,29,Conjunction,3,585,8.2082,7127
SF_B-Class,29,Opposition,3,555,7.7873,7127
SF_B-Class,29,Conjunction,4,141,1.9784,7127
SF_B-Class,29,Opposition,4,132,1.8521,7127
SF_B-Class,29,Conjunction,5,22,0.3087,7127
SF_B-Class,29,Opposition,5,15,0.2105,7127
SF_B-Class,29,Conjunction,6,7,0.0982,7127
SF_B-Class,29,Opposition,6,3,0.0421,7127
SF_B-Class,29,Conjunction,7,0,0.0,7127
SF_B-Class,29,Opposition,7,0,0.0,7127
SF_B-Class,30,Conjunction,0,2092,29.3532,7127
SF_B-Class,30,Opposition,0,2287,32.0892,7127
SF_B-Class,30,Conjunction,1,2704,37.9402,7127
SF_B-Class,30,Opposition,1,2563,35.9618,7127
SF_B-Class,30,Conjunction,2,1510,21.187,7127
SF_B-Class,30,Opposition,2,1502,21.0748,7127
SF_B-Class,30,Conjunction,3,633,8.8817,7127
SF_B-Class,30,Opposition,3,605,8.4888,7127
SF_B-Class,30,Conjunction,4,158,2.2169,7127
SF_B-Class,30,Opposition,4,151,2.1187,7127
SF_B-Class,30,Conjunction,5,23,0.3227,7127
SF_B-Class,30,Opposition,5,16,0.2245,7127
SF_B-Class,30,Conjunction,6,7,0.0982,7127
SF_B-Class,30,Opposition,6,3,0.0421,7127
SF_B-Class,30,Conjunction,7,0,0.0,7127
SF_B-Class,30,Opposition,7,0,0.0,7127
SF_C-Class,1,Conjunction,0,25574,95.9481,26654
SF_C-Class,1,Opposition,0,25607,96.0719,26654
SF_C-Class,1,Conjunction,1,1048,3.9319,26654
SF_C-Class,1,Opposition,1,1024,3.8418,26654
SF_C-Class,1,Conjunction,2,32,0.1201,26654
SF_C-Class,1,Opposition,2,23,0.0863,26654
SF_C-Class,1,Conjunction,3,0,0.0,26654
SF_C-Class,1,Opposition,3,0,0.0,26654
SF_C-Class,1,Conjunction,4,0,0.0,26654
SF_C-Class,1,Opposition,4,0,0.0,26654
SF_C-Class,1,Conjunction,5,0,0.0,26654
SF_C-Class,1,Opposition,5,0,0.0,26654
SF_C-Class,1,Conjunction,6,0,0.0,26654
SF_C-Class,1,Opposition,6,0,0.0,26654
SF_C-Class,1,Conjunction,7,0,0.0,26654
SF_C-Class,1,Opposition,7,0,0.0,26654
SF_C-Class,2,Conjunction,0,24491,91.8849,26654
SF_C-Class,2,Opposition,0,24657,92.5077,26654
SF_C-Class,2,Conjunction,1,2054,7.7062,26654
SF_C-Class,2,Opposition,1,1919,7.1997,26654
SF_C-Class,2,Conjunction,2,108,0.4052,26654
SF_C-Class,2,Opposition,2,76,0.2851,26654
SF_C-Class,2,Conjunction,3,1,0.0038,26654
SF_C-Class,2,Opposition,3,2,0.0075,26654
SF_C-Class,2,Conjunction,4,0,0.0,26654
SF_C-Class,2,Opposition,4,0,0.0,26654
SF_C-Class,2,Conjunction,5,0,0.0,26654
SF_C-Class,2,Opposition,5,0,0.0,26654
SF_C-Class,2,Conjunction,6,0,0.0,26654
SF_C-Class,2,Opposition,6,0,0.0,26654
SF_C-Class,2,Conjunction,7,0,0.0,26654
SF_C-Class,2,Opposition,7,0,0.0,26654
SF_C-Class,3,Conjunction,0,23564,88.407,26654
SF_C-Class,3,Opposition,0,23728,89.0223,26654
SF_C-Class,3,Conjunction,1,2864,10.7451,26654
SF_C-Class,3,Opposition,1,2747,10.3061,26654
SF_C-Class,3,Conjunction,2,216,0.8104,26654
SF_C-Class,3,Opposition,2,173,0.6491,26654
SF_C-Class,3,Conjunction,3,10,0.0375,26654
SF_C-Class,3,Opposition,3,6,0.0225,26654
SF_C-Class,3,Conjunction,4,0,0.0,26654
SF_C-Class,3,Opposition,4,0,0.0,26654
SF_C-Class,3,Conjunction,5,0,0.0,26654
SF_C-Class,3,Opposition,5,0,0.0,26654
SF_C-Class,3,Conjunction,6,0,0.0,26654
SF_C-Class,3,Opposition,6,0,0.0,26654
SF_C-Class,3,Conjunction,7,0,0.0,26654
SF_C-Class,3,Opposition,7,0,0.0,26654
SF_C-Class,4,Conjunction,0,22660,85.0154,26654
SF_C-Class,4,Opposition,0,22809,85.5744,26654
SF_C-Class,4,Conjunction,1,3633,13.6302,26654
SF_C-Class,4,Opposition,1,3537,13.2701,26654
SF_C-Class,4,Conjunction,2,343,1.2869,26654
SF_C-Class,4,Opposition,2,293,1.0993,26654
SF_C-Class,4,Conjunction,3,18,0.0675,26654
SF_C-Class,4,Opposition,3,15,0.0563,26654
SF_C-Class,4,Conjunction,4,0,0.0,26654
SF_C-Class,4,Opposition,4,0,0.0,26654
SF_C-Class,4,Conjunction,5,0,0.0,26654
SF_C-Class,4,Opposition,5,0,0.0,26654
SF_C-Class,4,Conjunction,6,0,0.0,26654
SF_C-Class,4,Opposition,6,0,0.0,26654
SF_C-Class,4,Conjunction,7,0,0.0,26654
SF_C-Class,4,Opposition,7,0,0.0,26654
SF_C-Class,5,Conjunction,0,21736,81.5487,26654
SF_C-Class,5,Opposition,0,21917,82.2278,26654
SF_C-Class,5,Conjunction,1,4378,16.4253,26654
SF_C-Class,5,Opposition,1,4248,15.9376,26654
SF_C-Class,5,Conjunction,2,501,1.8796,26654
SF_C-Class,5,Opposition,2,447,1.677,26654
SF_C-Class,5,Conjunction,3,37,0.1388,26654
SF_C-Class,5,Opposition,3,42,0.1576,26654
SF_C-Class,5,Conjunction,4,2,0.0075,26654
SF_C-Class,5,Opposition,4,0,0.0,26654
SF_C-Class,5,Conjunction,5,0,0.0,26654
SF_C-Class,5,Opposition,5,0,0.0,26654
SF_C-Class,5,Conjunction,6,0,0.0,26654
SF_C-Class,5,Opposition,6,0,0.0,26654
SF_C-Class,5,Conjunction,7,0,0.0,26654
SF_C-Class,5,Opposition,7,0,0.0,26654
SF_C-Class,6,Conjunction,0,20881,78.341,26654
SF_C-Class,6,Opposition,0,21100,79.1626,26654
SF_C-Class,6,Conjunction,1,5031,18.8752,26654
SF_C-Class,6,Opposition,1,4865,18.2524,26654
SF_C-Class,6,Conjunction,2,662,2.4837,26654
SF_C-Class,6,Opposition,2,607,2.2773,26654
SF_C-Class,6,Conjunction,3,78,0.2926,26654
SF_C-Class,6,Opposition,3,79,0.2964,26654
SF_C-Class,6,Conjunction,4,2,0.0075,26654
SF_C-Class,6,Opposition,4,3,0.0113,26654
SF_C-Class,6,Conjunction,5,0,0.0,26654
SF_C-Class,6,Opposition,5,0,0.0,26654
SF_C-Class,6,Conjunction,6,0,0.0,26654
SF_C-Class,6,Opposition,6,0,0.0,26654
SF_C-Class,6,Conjunction,7,0,0.0,26654
SF_C-Class,6,Opposition,7,0,0.0,26654
SF_C-Class,7,Conjunction,0,20034,75.1632,26654
SF_C-Class,7,Opposition,0,20309,76.1949,26654
SF_C-Class,7,Conjunction,1,5640,21.1601,26654
SF_C-Class,7,Opposition,1,5432,20.3797,26654
SF_C-Class,7,Conjunction,2,868,3.2565,26654
SF_C-Class,7,Opposition,2,795,2.9827,26654
SF_C-Class,7,Conjunction,3,108,0.4052,26654
SF_C-Class,7,Opposition,3,113,0.424,26654
SF_C-Class,7,Conjunction,4,4,0.015,26654
SF_C-Class,7,Opposition,4,5,0.0188,26654
SF_C-Class,7,Conjunction,5,0,0.0,26654
SF_C-Class,7,Opposition,5,0,0.0,26654
SF_C-Class,7,Conjunction,6,0,0.0,26654
SF_C-Class,7,Opposition,6,0,0.0,26654
SF_C-Class,7,Conjunction,7,0,0.0,26654
SF_C-Class,7,Opposition,7,0,0.0,26654
SF_C-Class,8,Conjunction,0,19275,72.3156,26654
SF_C-Class,8,Opposition,0,19549,73.3436,26654
SF_C-Class,8,Conjunction,1,6131,23.0022,26654
SF_C-Class,8,Opposition,1,5974,22.4131,26654
SF_C-Class,8,Conjunction,2,1092,4.0969,26654
SF_C-Class,8,Opposition,2,949,3.5604,26654
SF_C-Class,8,Conjunction,3,150,0.5628,26654
SF_C-Class,8,Opposition,3,170,0.6378,26654
SF_C-Class,8,Conjunction,4,6,0.0225,26654
SF_C-Class,8,Opposition,4,12,0.045,26654
SF_C-Class,8,Conjunction,5,0,0.0,26654
SF_C-Class,8,Opposition,5,0,0.0,26654
SF_C-Class,8,Conjunction,6,0,0.0,26654
SF_C-Class,8,Opposition,6,0,0.0,26654
SF_C-Class,8,Conjunction,7,0,0.0,26654
SF_C-Class,8,Opposition,7,0,0.0,26654
SF_C-Class,9,Conjunction,0,18558,69.6256,26654
SF_C-Class,9,Opposition,0,18846,70.7061,26654
SF_C-Class,9,Conjunction,1,6569,24.6455,26654
SF_C-Class,9,Opposition,1,6440,24.1615,26654
SF_C-Class,9,Conjunction,2,1313,4.9261,26654
SF_C-Class,9,Opposition,2,1120,4.202,26654
SF_C-Class,9,Conjunction,3,200,0.7504,26654
SF_C-Class,9,Opposition,3,230,0.8629,26654
SF_C-Class,9,Conjunction,4,14,0.0525,26654
SF_C-Class,9,Opposition,4,18,0.0675,26654
SF_C-Class,9,Conjunction,5,0,0.0,26654
SF_C-Class,9,Opposition,5,0,0.0,26654
SF_C-Class,9,Conjunction,6,0,0.0,26654
SF_C-Class,9,Opposition,6,0,0.0,26654
SF_C-Class,9,Conjunction,7,0,0.0,26654
SF_C-Class,9,Opposition,7,0,0.0,26654
SF_C-Class,10,Conjunction,0,17819,66.853,26654
SF_C-Class,10,Opposition,0,18094,67.8847,26654
SF_C-Class,10,Conjunction,1,7016,26.3225,26654
SF_C-Class,10,Opposition,1,6942,26.0449,26654
SF_C-Class,10,Conjunction,2,1531,5.744,26654
SF_C-Class,10,Opposition,2,1297,4.8661,26654
SF_C-Class,10,Conjunction,3,266,0.998,26654
SF_C-Class,10,Opposition,3,290,1.088,26654
SF_C-Class,10,Conjunction,4,21,0.0788,26654
SF_C-Class,10,Opposition,4,31,0.1163,26654
SF_C-Class,10,Conjunction,5,1,0.0038,26654
SF_C-Class,10,Opposition,5,0,0.0,26654
SF_C-Class,10,Conjunction,6,0,0.0,26654
SF_C-Class,10,Opposition,6,0,0.0,26654
SF_C-Class,10,Conjunction,7,0,0.0,26654
SF_C-Class,10,Opposition,7,0,0.0,26654
SF_C-Class,11,Conjunction,0,17178,64.4481,26654
SF_C-Class,11,Opposition,0,17450,65.4686,26654
SF_C-Class,11,Conjunction,1,7318,27.4555,26654
SF_C-Class,11,Opposition,1,7343,27.5493,26654
SF_C-Class,11,Conjunction,2,1802,6.7607,26654
SF_C-Class,11,Opposition,2,1477,5.5414,26654
SF_C-Class,11,Conjunction,3,327,1.2268,26654
SF_C-Class,11,Opposition,3,340,1.2756,26654
SF_C-Class,11,Conjunction,4,27,0.1013,26654
SF_C-Class,11,Opposition,4,44,0.1651,26654
SF_C-Class,11,Conjunction,5,2,0.0075,26654
SF_C-Class,11,Opposition,5,0,0.0,26654
SF_C-Class,11,Conjunction,6,0,0.0,26654
SF_C-Class,11,Opposition,6,0,0.0,26654
SF_C-Class,11,Conjunction,7,0,0.0,26654
SF_C-Class,11,Opposition,7,0,0.0,26654
SF_C-Class,12,Conjunction,0,16609,62.3133,26654
SF_C-Class,12,Opposition,0,16813,63.0787,26654
SF_C-Class,12,Conjunction,1,7573,28.4122,26654
SF_C-Class,12,Opposition,1,7667,28.7649,26654
SF_C-Class,12,Conjunction,2,2024,7.5936,26654
SF_C-Class,12,Opposition,2,1697,6.3668,26654
SF_C-Class,12,Conjunction,3,400,1.5007,26654
SF_C-Class,12,Opposition,3,414,1.5532,26654
SF_C-Class,12,Conjunction,4,45,0.1688,26654
SF_C-Class,12,Opposition,4,63,0.2364,26654
SF_C-Class,12,Conjunction,5,3,0.0113,26654
SF_C-Class,12,Opposition,5,0,0.0,26654
SF_C-Class,12,Conjunction,6,0,0.0,26654
SF_C-Class,12,Opposition,6,0,0.0,26654
SF_C-Class,12,Conjunction,7,0,0.0,26654
SF_C-Class,12,Opposition,7,0,0.0,26654
SF_C-Class,13,Conjunction,0,15999,60.0248,26654
SF_C-Class,13,Opposition,0,16198,60.7714,26654
SF_C-Class,13,Conjunction,1,7861,29.4928,26654
SF_C-Class,13,Opposition,1,7975,29.9205,26654
SF_C-Class,13,Conjunction,2,2233,8.3777,26654
SF_C-Class,13,Opposition,2,1893,7.1021,26654
SF_C-Class,13,Conjunction,3,499,1.8721,26654
SF_C-Class,13,Opposition,3,505,1.8946,26654
SF_C-Class,13,Conjunction,4,59,0.2214,26654
SF_C-Class,13,Opposition,4,82,0.3076,26654
SF_C-Class,13,Conjunction,5,3,0.0113,26654
SF_C-Class,13,Opposition,5,1,0.0038,26654
SF_C-Class,13,Conjunction,6,0,0.0,26654
SF_C-Class,13,Opposition,6,0,0.0,26654
SF_C-Class,13,Conjunction,7,0,0.0,26654
SF_C-Class,13,Opposition,7,0,0.0,26654
SF_C-Class,14,Conjunction,0,15438,57.92,26654
SF_C-Class,14,Opposition,0,15611,58.5691,26654
SF_C-Class,14,Conjunction,1,8070,30.2769,26654
SF_C-Class,14,Opposition,1,8242,30.9222,26654
SF_C-Class,14,Conjunction,2,2444,9.1694,26654
SF_C-Class,14,Opposition,2,2123,7.965,26654
SF_C-Class,14,Conjunction,3,615,2.3073,26654
SF_C-Class,14,Opposition,3,574,2.1535,26654
SF_C-Class,14,Conjunction,4,83,0.3114,26654
SF_C-Class,14,Opposition,4,102,0.3827,26654
SF_C-Class,14,Conjunction,5,4,0.015,26654
SF_C-Class,14,Opposition,5,2,0.0075,26654
SF_C-Class,14,Conjunction,6,0,0.0,26654
SF_C-Class,14,Opposition,6,0,0.0,26654
SF_C-Class,14,Conjunction,7,0,0.0,26654
SF_C-Class,14,Opposition,7,0,0.0,26654
SF_C-Class,15,Conjunction,0,14907,55.9278,26654
SF_C-Class,15,Opposition,0,15019,56.348,26654
SF_C-Class,15,Conjunction,1,8284,31.0798,26654
SF_C-Class,15,Opposition,1,8519,31.9614,26654
SF_C-Class,15,Conjunction,2,2634,9.8822,26654
SF_C-Class,15,Opposition,2,2341,8.7829,26654
SF_C-Class,15,Conjunction,3,726,2.7238,26654
SF_C-Class,15,Opposition,3,646,2.4237,26654
SF_C-Class,15,Conjunction,4,94,0.3527,26654
SF_C-Class,15,Opposition,4,125,0.469,26654
SF_C-Class,15,Conjunction,5,9,0.0338,26654
SF_C-Class,15,Opposition,5,4,0.015,26654
SF_C-Class,15,Conjunction,6,0,0.0,26654
SF_C-Class,15,Opposition,6,0,0.0,26654
SF_C-Class,15,Conjunction,7,0,0.0,26654
SF_C-Class,15,Opposition,7,0,0.0,26654
SF_C-Class,16,Conjunction,0,14335,53.7818,26654
SF_C-Class,16,Opposition,0,14457,54.2395,26654
SF_C-Class,16,Conjunction,1,8509,31.9239,26654
SF_C-Class,16,Opposition,1,8747,32.8168,26654
SF_C-Class,16,Conjunction,2,2841,10.6588,26654
SF_C-Class,16,Opposition,2,2567,9.6308,26654
SF_C-Class,16,Conjunction,3,830,3.114,26654
SF_C-Class,16,Opposition,3,733,2.7501,26654
SF_C-Class,16,Conjunction,4,129,0.484,26654
SF_C-Class,16,Opposition,4,144,0.5403,26654
SF_C-Class,16,Conjunction,5,10,0.0375,26654
SF_C-Class,16,Opposition,5,6,0.0225,26654
SF_C-Class,16,Conjunction,6,0,0.0,26654
SF_C-Class,16,Opposition,6,0,0.0,26654
SF_C-Class,16,Conjunction,7,0,0.0,26654
SF_C-Class,16,Opposition,7,0,0.0,26654
SF_C-Class,17,Conjunction,0,13828,51.8796,26654
SF_C-Class,17,Opposition,0,13914,52.2023,26654
SF_C-Class,17,Conjunction,1,8683,32.5767,26654
SF_C-Class,17,Opposition,1,8942,33.5484,26654
SF_C-Class,17,Conjunction,2,3026,11.3529,26654
SF_C-Class,17,Opposition,2,2808,10.535,26654
SF_C-Class,17,Conjunction,3,948,3.5567,26654
SF_C-Class,17,Opposition,3,809,3.0352,26654
SF_C-Class,17,Conjunction,4,152,0.5703,26654
SF_C-Class,17,Opposition,4,174,0.6528,26654
SF_C-Class,17,Conjunction,5,17,0.0638,26654
SF_C-Class,17,Opposition,5,7,0.0263,26654
SF_C-Class,17,Conjunction,6,0,0.0,26654
SF_C-Class,17,Opposition,6,0,0.0,26654
SF_C-Class,17,Conjunction,7,0,0.0,26654
SF_C-Class,17,Opposition,7,0,0.0,26654
SF_C-Class,18,Conjunction,0,13340,50.0488,26654
SF_C-Class,18,Opposition,0,13427,50.3752,26654
SF_C-Class,18,Conjunction,1,8822,33.0982,26654
SF_C-Class,18,Opposition,1,9086,34.0887,26654
SF_C-Class,18,Conjunction,2,3213,12.0545,26654
SF_C-Class,18,Opposition,2,3032,11.3754,26654
SF_C-Class,18,Conjunction,3,1067,4.0032,26654
SF_C-Class,18,Opposition,3,881,3.3053,26654
SF_C-Class,18,Conjunction,4,194,0.7278,26654
SF_C-Class,18,Opposition,4,215,0.8066,26654
SF_C-Class,18,Conjunction,5,16,0.06,26654
SF_C-Class,18,Opposition,5,13,0.0488,26654
SF_C-Class,18,Conjunction,6,2,0.0075,26654
SF_C-Class,18,Opposition,6,0,0.0,26654
SF_C-Class,18,Conjunction,7,0,0.0,26654
SF_C-Class,18,Opposition,7,0,0.0,26654
SF_C-Class,19,Conjunction,0,12907,48.4243,26654
SF_C-Class,19,Opposition,0,12946,48.5706,26654
SF_C-Class,19,Conjunction,1,8891,33.3571,26654
SF_C-Class,19,Opposition,1,9216,34.5764,26654
SF_C-Class,19,Conjunction,2,3413,12.8048,26654
SF_C-Class,19,Opposition,2,3234,12.1333,26654
SF_C-Class,19,Conjunction,3,1196,4.4871,26654
SF_C-Class,19,Opposition,3,983,3.688,26654
SF_C-Class,19,Conjunction,4,226,0.8479,26654
SF_C-Class,19,Opposition,4,256,0.9605,26654
SF_C-Class,19,Conjunction,5,19,0.0713,26654
SF_C-Class,19,Opposition,5,19,0.0713,26654
SF_C-Class,19,Conjunction,6,2,0.0075,26654
SF_C-Class,19,Opposition,6,0,0.0,26654
SF_C-Class,19,Conjunction,7,0,0.0,26654
SF_C-Class,19,Opposition,7,0,0.0,26654
SF_C-Class,20,Conjunction,0,12420,46.5971,26654
SF_C-Class,20,Opposition,0,12471,46.7885,26654
SF_C-Class,20,Conjunction,1,9040,33.9161,26654
SF_C-Class,20,Opposition,1,9316,34.9516,26654
SF_C-Class,20,Conjunction,2,3576,13.4164,26654
SF_C-Class,20,Opposition,2,3464,12.9962,26654
SF_C-Class,20,Conjunction,3,1319,4.9486,26654
SF_C-Class,20,Opposition,3,1088,4.0819,26654
SF_C-Class,20,Conjunction,4,274,1.028,26654
SF_C-Class,20,Opposition,4,286,1.073,26654
SF_C-Class,20,Conjunction,5,22,0.0825,26654
SF_C-Class,20,Opposition,5,29,0.1088,26654
SF_C-Class,20,Conjunction,6,3,0.0113,26654
SF_C-Class,20,Opposition,6,0,0.0,26654
SF_C-Class,20,Conjunction,7,0,0.0,26654
SF_C-Class,20,Opposition,7,0,0.0,26654
SF_C-Class,21,Conjunction,0,12001,45.0251,26654
SF_C-Class,21,Opposition,0,12030,45.1339,26654
SF_C-Class,21,Conjunction,1,9098,34.1337,26654
SF_C-Class,21,Opposition,1,9340,35.0416,26654
SF_C-Class,21,Conjunction,2,3763,14.118,26654
SF_C-Class,21,Opposition,2,3712,13.9266,26654
SF_C-Class,21,Conjunction,3,1437,5.3913,26654
SF_C-Class,21,Opposition,3,1217,4.5659,26654
SF_C-Class,21,Conjunction,4,325,1.2193,26654
SF_C-Class,21,Opposition,4,317,1.1893,26654
SF_C-Class,21,Conjunction,5,25,0.0938,26654
SF_C-Class,21,Opposition,5,38,0.1426,26654
SF_C-Class,21,Conjunction,6,5,0.0188,26654
SF_C-Class,21,Opposition,6,0,0.0,26654
SF_C-Class,21,Conjunction,7,0,0.0,26654
SF_C-Class,21,Opposition,7,0,0.0,26654
SF_C-Class,22,Conjunction,0,11590,43.4832,26654
SF_C-Class,22,Opposition,0,11579,43.4419,26654
SF_C-Class,22,Conjunction,1,9152,34.3363,26654
SF_C-Class,22,Opposition,1,9418,35.3343,26654
SF_C-Class,22,Conjunction,2,3914,14.6845,26654
SF_C-Class,22,Opposition,2,3922,14.7145,26654
SF_C-Class,22,Conjunction,3,1591,5.9691,26654
SF_C-Class,22,Opposition,3,1347,5.0537,26654
SF_C-Class,22,Conjunction,4,369,1.3844,26654
SF_C-Class,22,Opposition,4,336,1.2606,26654
SF_C-Class,22,Conjunction,5,33,0.1238,26654
SF_C-Class,22,Opposition,5,52,0.1951,26654
SF_C-Class,22,Conjunction,6,5,0.0188,26654
SF_C-Class,22,Opposition,6,0,0.0,26654
SF_C-Class,22,Conjunction,7,0,0.0,26654
SF_C-Class,22,Opposition,7,0,0.0,26654
SF_C-Class,23,Conjunction,0,11178,41.9374,26654
SF_C-Class,23,Opposition,0,11151,41.8361,26654
SF_C-Class,23,Conjunction,1,9177,34.4301,26654
SF_C-Class,23,Opposition,1,9454,35.4693,26654
SF_C-Class,23,Conjunction,2,4108,15.4123,26654
SF_C-Class,23,Opposition,2,4139,15.5286,26654
SF_C-Class,23,Conjunction,3,1733,6.5018,26654
SF_C-Class,23,Opposition,3,1478,5.5451,26654
SF_C-Class,23,Conjunction,4,408,1.5307,26654
SF_C-Class,23,Opposition,4,370,1.3882,26654
SF_C-Class,23,Conjunction,5,45,0.1688,26654
SF_C-Class,23,Opposition,5,62,0.2326,26654
SF_C-Class,23,Conjunction,6,5,0.0188,26654
SF_C-Class,23,Opposition,6,0,0.0,26654
SF_C-Class,23,Conjunction,7,0,0.0,26654
SF_C-Class,23,Opposition,7,0,0.0,26654
SF_C-Class,24,Conjunction,0,10769,40.4029,26654
SF_C-Class,24,Opposition,0,10712,40.1891,26654
SF_C-Class,24,Conjunction,1,9223,34.6027,26654
SF_C-Class,24,Opposition,1,9486,35.5894,26654
SF_C-Class,24,Conjunction,2,4288,16.0876,26654
SF_C-Class,24,Opposition,2,4353,16.3315,26654
SF_C-Class,24,Conjunction,3,1869,7.0121,26654
SF_C-Class,24,Opposition,3,1620,6.0779,26654
SF_C-Class,24,Conjunction,4,444,1.6658,26654
SF_C-Class,24,Opposition,4,409,1.5345,26654
SF_C-Class,24,Conjunction,5,54,0.2026,26654
SF_C-Class,24,Opposition,5,74,0.2776,26654
SF_C-Class,24,Conjunction,6,7,0.0263,26654
SF_C-Class,24,Opposition,6,0,0.0,26654
SF_C-Class,24,Conjunction,7,0,0.0,26654
SF_C-Class,24,Opposition,7,0,0.0,26654
SF_C-Class,25,Conjunction,0,10366,38.891,26654
SF_C-Class,25,Opposition,0,10322,38.7259,26654
SF_C-Class,25,Conjunction,1,9255,34.7227,26654
SF_C-Class,25,Opposition,1,9503,35.6532,26654
SF_C-Class,25,Conjunction,2,4465,16.7517,26654
SF_C-Class,25,Opposition,2,4555,17.0894,26654
SF_C-Class,25,Conjunction,3,1992,7.4735,26654
SF_C-Class,25,Opposition,3,1744,6.5431,26654
SF_C-Class,25,Conjunction,4,495,1.8571,26654
SF_C-Class,25,Opposition,4,446,1.6733,26654
SF_C-Class,25,Conjunction,5,73,0.2739,26654
SF_C-Class,25,Opposition,5,84,0.3151,26654
SF_C-Class,25,Conjunction,6,8,0.03,26654
SF_C-Class,25,Opposition,6,0,0.0,26654
SF_C-Class,25,Conjunction,7,0,0.0,26654
SF_C-Class,25,Opposition,7,0,0.0,26654
SF_C-Class,26,Conjunction,0,9983,37.454,26654
SF_C-Class,26,Opposition,0,9913,37.1914,26654
SF_C-Class,26,Conjunction,1,9256,34.7265,26654
SF_C-Class,26,Opposition,1,9518,35.7095,26654
SF_C-Class,26,Conjunction,2,4636,17.3933,26654
SF_C-Class,26,Opposition,2,4786,17.956,26654
SF_C-Class,26,Conjunction,3,2135,8.0101,26654
SF_C-Class,26,Opposition,3,1843,6.9145,26654
SF_C-Class,26,Conjunction,4,549,2.0597,26654
SF_C-Class,26,Opposition,4,487,1.8271,26654
SF_C-Class,26,Conjunction,5,81,0.3039,26654
SF_C-Class,26,Opposition,5,107,0.4014,26654
SF_C-Class,26,Conjunction,6,14,0.0525,26654
SF_C-Class,26,Opposition,6,0,0.0,26654
SF_C-Class,26,Conjunction,7,0,0.0,26654
SF_C-Class,26,Opposition,7,0,0.0,26654
SF_C-Class,27,Conjunction,0,9631,36.1334,26654
SF_C-Class,27,Opposition,0,9559,35.8633,26654
SF_C-Class,27,Conjunction,1,9238,34.659,26654
SF_C-Class,27,Opposition,1,9462,35.4994,26654
SF_C-Class,27,Conjunction,2,4820,18.0836,26654
SF_C-Class,27,Opposition,2,4987,18.7101,26654
SF_C-Class,27,Conjunction,3,2246,8.4265,26654
SF_C-Class,27,Opposition,3,1986,7.451,26654
SF_C-Class,27,Conjunction,4,611,2.2923,26654
SF_C-Class,27,Opposition,4,536,2.011,26654
SF_C-Class,27,Conjunction,5,91,0.3414,26654
SF_C-Class,27,Opposition,5,124,0.4652,26654
SF_C-Class,27,Conjunction,6,17,0.0638,26654
SF_C-Class,27,Opposition,6,0,0.0,26654
SF_C-Class,27,Conjunction,7,0,0.0,26654
SF_C-Class,27,Opposition,7,0,0.0,26654
SF_C-Class,28,Conjunction,0,9292,34.8616,26654
SF_C-Class,28,Opposition,0,9209,34.5502,26654
SF_C-Class,28,Conjunction,1,9227,34.6177,26654
SF_C-Class,28,Opposition,1,9441,35.4206,26654
SF_C-Class,28,Conjunction,2,4954,18.5863,26654
SF_C-Class,28,Opposition,2,5121,19.2129,26654
SF_C-Class,28,Conjunction,3,2368,8.8842,26654
SF_C-Class,28,Opposition,3,2146,8.0513,26654
SF_C-Class,28,Conjunction,4,689,2.585,26654
SF_C-Class,28,Opposition,4,605,2.2698,26654
SF_C-Class,28,Conjunction,5,105,0.3939,26654
SF_C-Class,28,Opposition,5,132,0.4952,26654
SF_C-Class,28,Conjunction,6,19,0.0713,26654
SF_C-Class,28,Opposition,6,0,0.0,26654
SF_C-Class,28,Conjunction,7,0,0.0,26654
SF_C-Class,28,Opposition,7,0,0.0,26654
SF_C-Class,29,Conjunction,0,8952,33.586,26654
SF_C-Class,29,Opposition,0,8839,33.162,26654
SF_C-Class,29,Conjunction,1,9224,34.6064,26654
SF_C-Class,29,Opposition,1,9432,35.3868,26654
SF_C-Class,29,Conjunction,2,5073,19.0328,26654
SF_C-Class,29,Opposition,2,5294,19.8619,26654
SF_C-Class,29,Conjunction,3,2492,9.3494,26654
SF_C-Class,29,Opposition,3,2269,8.5128,26654
SF_C-Class,29,Conjunction,4,757,2.8401,26654
SF_C-Class,29,Opposition,4,665,2.4949,26654
SF_C-Class,29,Conjunction,5,133,0.499,26654
SF_C-Class,29,Opposition,5,154,0.5778,26654
SF_C-Class,29,Conjunction,6,23,0.0863,26654
SF_C-Class,29,Opposition,6,1,0.0038,26654
SF_C-Class,29,Conjunction,7,0,0.0,26654
SF_C-Class,29,Opposition,7,0,0.0,26654
SF_C-Class,30,Conjunction,0,8649,32.4492,26654
SF_C-Class,30,Opposition,0,8484,31.8301,26654
SF_C-Class,30,Conjunction,1,9139,34.2875,26654
SF_C-Class,30,Opposition,1,9357,35.1054,26654
SF_C-Class,30,Conjunction,2,5227,19.6106,26654
SF_C-Class,30,Opposition,2,5491,20.601,26654
SF_C-Class,30,Conjunction,3,2642,9.9122,26654
SF_C-Class,30,Opposition,3,2412,9.0493,26654
SF_C-Class,30,Conjunction,4,798,2.9939,26654
SF_C-Class,30,Opposition,4,732,2.7463,26654
SF_C-Class,30,Conjunction,5,172,0.6453,26654
SF_C-Class,30,Opposition,5,176,0.6603,26654
SF_C-Class,30,Conjunction,6,27,0.1013,26654
SF_C-Class,30,Opposition,6,2,0.0075,26654
SF_C-Class,30,Conjunction,7,0,0.0,26654
SF_C-Class,30,Opposition,7,0,0.0,26654
SF_M-Class,1,Conjunction,0,4630,95.9784,4824
SF_M-Class,1,Opposition,0,4602,95.398,4824
SF_M-Class,1,Conjunction,1,185,3.835,4824
SF_M-Class,1,Opposition,1,222,4.602,4824
SF_M-Class,1,Conjunction,2,9,0.1866,4824
SF_M-Class,1,Opposition,2,0,0.0,4824
SF_M-Class,1,Conjunction,3,0,0.0,4824
SF_M-Class,1,Opposition,3,0,0.0,4824
SF_M-Class,1,Conjunction,4,0,0.0,4824
SF_M-Class,1,Opposition,4,0,0.0,4824
SF_M-Class,1,Conjunction,5,0,0.0,4824
SF_M-Class,1,Opposition,5,0,0.0,4824
SF_M-Class,1,Conjunction,6,0,0.0,4824
SF_M-Class,1,Opposition,6,0,0.0,4824
SF_M-Class,1,Conjunction,7,0,0.0,4824
SF_M-Class,1,Opposition,7,0,0.0,4824
SF_M-Class,2,Conjunction,0,4455,92.3507,4824
SF_M-Class,2,Opposition,0,4422,91.6667,4824
SF_M-Class,2,Conjunction,1,344,7.131,4824
SF_M-Class,2,Opposition,1,386,8.0017,4824
SF_M-Class,2,Conjunction,2,25,0.5182,4824
SF_M-Class,2,Opposition,2,16,0.3317,4824
SF_M-Class,2,Conjunction,3,0,0.0,4824
SF_M-Class,2,Opposition,3,0,0.0,4824
SF_M-Class,2,Conjunction,4,0,0.0,4824
SF_M-Class,2,Opposition,4,0,0.0,4824
SF_M-Class,2,Conjunction,5,0,0.0,4824
SF_M-Class,2,Opposition,5,0,0.0,4824
SF_M-Class,2,Conjunction,6,0,0.0,4824
SF_M-Class,2,Opposition,6,0,0.0,4824
SF_M-Class,2,Conjunction,7,0,0.0,4824
SF_M-Class,2,Opposition,7,0,0.0,4824
SF_M-Class,3,Conjunction,0,4258,88.267,4824
SF_M-Class,3,Opposition,0,4265,88.4121,4824
SF_M-Class,3,Conjunction,1,525,10.8831,4824
SF_M-Class,3,Opposition,1,524,10.8624,4824
SF_M-Class,3,Conjunction,2,37,0.767,4824
SF_M-Class,3,Opposition,2,35,0.7255,4824
SF_M-Class,3,Conjunction,3,4,0.0829,4824
SF_M-Class,3,Opposition,3,0,0.0,4824
SF_M-Class,3,Conjunction,4,0,0.0,4824
SF_M-Class,3,Opposition,4,0,0.0,4824
SF_M-Class,3,Conjunction,5,0,0.0,4824
SF_M-Class,3,Opposition,5,0,0.0,4824
SF_M-Class,3,Conjunction,6,0,0.0,4824
SF_M-Class,3,Opposition,6,0,0.0,4824
SF_M-Class,3,Conjunction,7,0,0.0,4824
SF_M-Class,3,Opposition,7,0,0.0,4824
SF_M-Class,4,Conjunction,0,4106,85.1161,4824
SF_M-Class,4,Opposition,0,4106,85.1161,4824
SF_M-Class,4,Conjunction,1,648,13.4328,4824
SF_M-Class,4,Opposition,1,648,13.4328,4824
SF_M-Class,4,Conjunction,2,64,1.3267,4824
SF_M-Class,4,Opposition,2,68,1.4096,4824
SF_M-Class,4,Conjunction,3,6,0.1244,4824
SF_M-Class,4,Opposition,3,2,0.0415,4824
SF_M-Class,4,Conjunction,4,0,0.0,4824
SF_M-Class,4,Opposition,4,0,0.0,4824
SF_M-Class,4,Conjunction,5,0,0.0,4824
SF_M-Class,4,Opposition,5,0,0.0,4824
SF_M-Class,4,Conjunction,6,0,0.0,4824
SF_M-Class,4,Opposition,6,0,0.0,4824
SF_M-Class,4,Conjunction,7,0,0.0,4824
SF_M-Class,4,Opposition,7,0,0.0,4824
SF_M-Class,5,Conjunction,0,3970,82.2968,4824
SF_M-Class,5,Opposition,0,3944,81.7579,4824
SF_M-Class,5,Conjunction,1,744,15.4229,4824
SF_M-Class,5,Opposition,1,779,16.1484,4824
SF_M-Class,5,Conjunction,2,101,2.0937,4824
SF_M-Class,5,Opposition,2,94,1.9486,4824
SF_M-Class,5,Conjunction,3,8,0.1658,4824
SF_M-Class,5,Opposition,3,7,0.1451,4824
SF_M-Class,5,Conjunction,4,1,0.0207,4824
SF_M-Class,5,Opposition,4,0,0.0,4824
SF_M-Class,5,Conjunction,5,0,0.0,4824
SF_M-Class,5,Opposition,5,0,0.0,4824
SF_M-Class,5,Conjunction,6,0,0.0,4824
SF_M-Class,5,Opposition,6,0,0.0,4824
SF_M-Class,5,Conjunction,7,0,0.0,4824
SF_M-Class,5,Opposition,7,0,0.0,4824
SF_M-Class,6,Conjunction,0,3814,79.063,4824
SF_M-Class,6,Opposition,0,3790,78.5655,4824
SF_M-Class,6,Conjunction,1,878,18.2007,4824
SF_M-Class,6,Opposition,1,918,19.0299,4824
SF_M-Class,6,Conjunction,2,114,2.3632,4824
SF_M-Class,6,Opposition,2,100,2.073,4824
SF_M-Class,6,Conjunction,3,16,0.3317,4824
SF_M-Class,6,Opposition,3,15,0.3109,4824
SF_M-Class,6,Conjunction,4,2,0.0415,4824
SF_M-Class,6,Opposition,4,1,0.0207,4824
SF_M-Class,6,Conjunction,5,0,0.0,4824
SF_M-Class,6,Opposition,5,0,0.0,4824
SF_M-Class,6,Conjunction,6,0,0.0,4824
SF_M-Class,6,Opposition,6,0,0.0,4824
SF_M-Class,6,Conjunction,7,0,0.0,4824
SF_M-Class,6,Opposition,7,0,0.0,4824
SF_M-Class,7,Conjunction,0,3674,76.1609,4824
SF_M-Class,7,Opposition,0,3647,75.6012,4824
SF_M-Class,7,Conjunction,1,984,20.398,4824
SF_M-Class,7,Opposition,1,1028,21.3101,4824
SF_M-Class,7,Conjunction,2,146,3.0265,4824
SF_M-Class,7,Opposition,2,123,2.5498,4824
SF_M-Class,7,Conjunction,3,18,0.3731,4824
SF_M-Class,7,Opposition,3,23,0.4768,4824
SF_M-Class,7,Conjunction,4,2,0.0415,4824
SF_M-Class,7,Opposition,4,3,0.0622,4824
SF_M-Class,7,Conjunction,5,0,0.0,4824
SF_M-Class,7,Opposition,5,0,0.0,4824
SF_M-Class,7,Conjunction,6,0,0.0,4824
SF_M-Class,7,Opposition,6,0,0.0,4824
SF_M-Class,7,Conjunction,7,0,0.0,4824
SF_M-Class,7,Opposition,7,0,0.0,4824
SF_M-Class,8,Conjunction,0,3535,73.2794,4824
SF_M-Class,8,Opposition,0,3512,72.8027,4824
SF_M-Class,8,Conjunction,1,1075,22.2844,4824
SF_M-Class,8,Opposition,1,1120,23.2172,4824
SF_M-Class,8,Conjunction,2,187,3.8765,4824
SF_M-Class,8,Opposition,2,155,3.2131,4824
SF_M-Class,8,Conjunction,3,25,0.5182,4824
SF_M-Class,8,Opposition,3,32,0.6633,4824
SF_M-Class,8,Conjunction,4,2,0.0415,4824
SF_M-Class,8,Opposition,4,5,0.1036,4824
SF_M-Class,8,Conjunction,5,0,0.0,4824
SF_M-Class,8,Opposition,5,0,0.0,4824
SF_M-Class,8,Conjunction,6,0,0.0,4824
SF_M-Class,8,Opposition,6,0,0.0,4824
SF_M-Class,8,Conjunction,7,0,0.0,4824
SF_M-Class,8,Opposition,7,0,0.0,4824
SF_M-Class,9,Conjunction,0,3420,70.8955,4824
SF_M-Class,9,Opposition,0,3395,70.3773,4824
SF_M-Class,9,Conjunction,1,1129,23.4038,4824
SF_M-Class,9,Opposition,1,1193,24.7305,4824
SF_M-Class,9,Conjunction,2,236,4.8922,4824
SF_M-Class,9,Opposition,2,190,3.9386,4824
SF_M-Class,9,Conjunction,3,36,0.7463,4824
SF_M-Class,9,Opposition,3,36,0.7463,4824
SF_M-Class,9,Conjunction,4,3,0.0622,4824
SF_M-Class,9,Opposition,4,10,0.2073,4824
SF_M-Class,9,Conjunction,5,0,0.0,4824
SF_M-Class,9,Opposition,5,0,0.0,4824
SF_M-Class,9,Conjunction,6,0,0.0,4824
SF_M-Class,9,Opposition,6,0,0.0,4824
SF_M-Class,9,Conjunction,7,0,0.0,4824
SF_M-Class,9,Opposition,7,0,0.0,4824
SF_M-Class,10,Conjunction,0,3291,68.2214,4824
SF_M-Class,10,Opposition,0,3266,67.7032,4824
SF_M-Class,10,Conjunction,1,1195,24.772,4824
SF_M-Class,10,Opposition,1,1277,26.4718,4824
SF_M-Class,10,Conjunction,2,287,5.9494,4824
SF_M-Class,10,Opposition,2,220,4.5605,4824
SF_M-Class,10,Conjunction,3,47,0.9743,4824
SF_M-Class,10,Opposition,3,49,1.0158,4824
SF_M-Class,10,Conjunction,4,4,0.0829,4824
SF_M-Class,10,Opposition,4,12,0.2488,4824
SF_M-Class,10,Conjunction,5,0,0.0,4824
SF_M-Class,10,Opposition,5,0,0.0,4824
SF_M-Class,10,Conjunction,6,0,0.0,4824
SF_M-Class,10,Opposition,6,0,0.0,4824
SF_M-Class,10,Conjunction,7,0,0.0,4824
SF_M-Class,10,Opposition,7,0,0.0,4824
SF_M-Class,11,Conjunction,0,3176,65.8375,4824
SF_M-Class,11,Opposition,0,3147,65.2363,4824
SF_M-Class,11,Conjunction,1,1247,25.8499,4824
SF_M-Class,11,Opposition,1,1350,27.9851,4824
SF_M-Class,11,Conjunction,2,338,7.0066,4824
SF_M-Class,11,Opposition,2,249,5.1617,4824
SF_M-Class,11,Conjunction,3,57,1.1816,4824
SF_M-Class,11,Opposition,3,62,1.2852,4824
SF_M-Class,11,Conjunction,4,6,0.1244,4824
SF_M-Class,11,Opposition,4,16,0.3317,4824
SF_M-Class,11,Conjunction,5,0,0.0,4824
SF_M-Class,11,Opposition,5,0,0.0,4824
SF_M-Class,11,Conjunction,6,0,0.0,4824
SF_M-Class,11,Opposition,6,0,0.0,4824
SF_M-Class,11,Conjunction,7,0,0.0,4824
SF_M-Class,11,Opposition,7,0,0.0,4824
SF_M-Class,12,Conjunction,0,3071,63.6609,4824
SF_M-Class,12,Opposition,0,3025,62.7073,4824
SF_M-Class,12,Conjunction,1,1297,26.8864,4824
SF_M-Class,12,Opposition,1,1429,29.6227,4824
SF_M-Class,12,Conjunction,2,373,7.7322,4824
SF_M-Class,12,Opposition,2,280,5.8043,4824
SF_M-Class,12,Conjunction,3,74,1.534,4824
SF_M-Class,12,Opposition,3,69,1.4303,4824
SF_M-Class,12,Conjunction,4,9,0.1866,4824
SF_M-Class,12,Opposition,4,21,0.4353,4824
SF_M-Class,12,Conjunction,5,0,0.0,4824
SF_M-Class,12,Opposition,5,0,0.0,4824
SF_M-Class,12,Conjunction,6,0,0.0,4824
SF_M-Class,12,Opposition,6,0,0.0,4824
SF_M-Class,12,Conjunction,7,0,0.0,4824
SF_M-Class,12,Opposition,7,0,0.0,4824
SF_M-Class,13,Conjunction,0,2975,61.6708,4824
SF_M-Class,13,Opposition,0,2929,60.7172,4824
SF_M-Class,13,Conjunction,1,1332,27.6119,4824
SF_M-Class,13,Opposition,1,1469,30.4519,4824
SF_M-Class,13,Conjunction,2,416,8.6235,4824
SF_M-Class,13,Opposition,2,319,6.6128,4824
SF_M-Class,13,Conjunction,3,89,1.8449,4824
SF_M-Class,13,Opposition,3,81,1.6791,4824
SF_M-Class,13,Conjunction,4,12,0.2488,4824
SF_M-Class,13,Opposition,4,26,0.539,4824
SF_M-Class,13,Conjunction,5,0,0.0,4824
SF_M-Class,13,Opposition,5,0,0.0,4824
SF_M-Class,13,Conjunction,6,0,0.0,4824
SF_M-Class,13,Opposition,6,0,0.0,4824
SF_M-Class,13,Conjunction,7,0,0.0,4824
SF_M-Class,13,Opposition,7,0,0.0,4824
SF_M-Class,14,Conjunction,0,2872,59.5357,4824
SF_M-Class,14,Opposition,0,2825,58.5614,4824
SF_M-Class,14,Conjunction,1,1382,28.6484,4824
SF_M-Class,14,Opposition,1,1519,31.4884,4824
SF_M-Class,14,Conjunction,2,437,9.0589,4824
SF_M-Class,14,Opposition,2,356,7.3798,4824
SF_M-Class,14,Conjunction,3,119,2.4668,4824
SF_M-Class,14,Opposition,3,96,1.99,4824
SF_M-Class,14,Conjunction,4,14,0.2902,4824
SF_M-Class,14,Opposition,4,27,0.5597,4824
SF_M-Class,14,Conjunction,5,0,0.0,4824
SF_M-Class,14,Opposition,5,1,0.0207,4824
SF_M-Class,14,Conjunction,6,0,0.0,4824
SF_M-Class,14,Opposition,6,0,0.0,4824
SF_M-Class,14,Conjunction,7,0,0.0,4824
SF_M-Class,14,Opposition,7,0,0.0,4824
SF_M-Class,15,Conjunction,0,2767,57.359,4824
SF_M-Class,15,Opposition,0,2706,56.0945,4824
SF_M-Class,15,Conjunction,1,1430,29.6434,4824
SF_M-Class,15,Opposition,1,1585,32.8566,4824
SF_M-Class,15,Conjunction,2,465,9.6393,4824
SF_M-Class,15,Opposition,2,383,7.9395,4824
SF_M-Class,15,Conjunction,3,144,2.9851,4824
SF_M-Class,15,Opposition,3,119,2.4668,4824
SF_M-Class,15,Conjunction,4,18,0.3731,4824
SF_M-Class,15,Opposition,4,30,0.6219,4824
SF_M-Class,15,Conjunction,5,0,0.0,4824
SF_M-Class,15,Opposition,5,1,0.0207,4824
SF_M-Class,15,Conjunction,6,0,0.0,4824
SF_M-Class,15,Opposition,6,0,0.0,4824
SF_M-Class,15,Conjunction,7,0,0.0,4824
SF_M-Class,15,Opposition,7,0,0.0,4824
SF_M-Class,16,Conjunction,0,2679,55.5348,4824
SF_M-Class,16,Opposition,0,2610,54.1045,4824
SF_M-Class,16,Conjunction,1,1454,30.141,4824
SF_M-Class,16,Opposition,1,1617,33.5199,4824
SF_M-Class,16,Conjunction,2,502,10.4063,4824
SF_M-Class,16,Opposition,2,433,8.976,4824
SF_M-Class,16,Conjunction,3,168,3.4826,4824
SF_M-Class,16,Opposition,3,124,2.5705,4824
SF_M-Class,16,Conjunction,4,21,0.4353,4824
SF_M-Class,16,Opposition,4,39,0.8085,4824
SF_M-Class,16,Conjunction,5,0,0.0,4824
SF_M-Class,16,Opposition,5,1,0.0207,4824
SF_M-Class,16,Conjunction,6,0,0.0,4824
SF_M-Class,16,Opposition,6,0,0.0,4824
SF_M-Class,16,Conjunction,7,0,0.0,4824
SF_M-Class,16,Opposition,7,0,0.0,4824
SF_M-Class,17,Conjunction,0,2603,53.9594,4824
SF_M-Class,17,Opposition,0,2510,52.0315,4824
SF_M-Class,17,Conjunction,1,1464,30.3483,4824
SF_M-Class,17,Opposition,1,1648,34.1625,4824
SF_M-Class,17,Conjunction,2,540,11.194,4824
SF_M-Class,17,Opposition,2,487,10.0954,4824
SF_M-Class,17,Conjunction,3,190,3.9386,4824
SF_M-Class,17,Opposition,3,133,2.757,4824
SF_M-Class,17,Conjunction,4,26,0.539,4824
SF_M-Class,17,Opposition,4,44,0.9121,4824
SF_M-Class,17,Conjunction,5,1,0.0207,4824
SF_M-Class,17,Opposition,5,2,0.0415,4824
SF_M-Class,17,Conjunction,6,0,0.0,4824
SF_M-Class,17,Opposition,6,0,0.0,4824
SF_M-Class,17,Conjunction,7,0,0.0,4824
SF_M-Class,17,Opposition,7,0,0.0,4824
SF_M-Class,18,Conjunction,0,2522,52.2803,4824
SF_M-Class,18,Opposition,0,2421,50.1866,4824
SF_M-Class,18,Conjunction,1,1478,30.6385,4824
SF_M-Class,18,Opposition,1,1669,34.5978,4824
SF_M-Class,18,Conjunction,2,569,11.7952,4824
SF_M-Class,18,Opposition,2,525,10.8831,4824
SF_M-Class,18,Conjunction,3,219,4.5398,4824
SF_M-Class,18,Opposition,3,157,3.2546,4824
SF_M-Class,18,Conjunction,4,35,0.7255,4824
SF_M-Class,18,Opposition,4,49,1.0158,4824
SF_M-Class,18,Conjunction,5,1,0.0207,4824
SF_M-Class,18,Opposition,5,3,0.0622,4824
SF_M-Class,18,Conjunction,6,0,0.0,4824
SF_M-Class,18,Opposition,6,0,0.0,4824
SF_M-Class,18,Conjunction,7,0,0.0,4824
SF_M-Class,18,Opposition,7,0,0.0,4824
SF_M-Class,19,Conjunction,0,2431,50.3939,4824
SF_M-Class,19,Opposition,0,2349,48.694,4824
SF_M-Class,19,Conjunction,1,1505,31.1982,4824
SF_M-Class,19,Opposition,1,1669,34.5978,4824
SF_M-Class,19,Conjunction,2,605,12.5415,4824
SF_M-Class,19,Opposition,2,578,11.9818,4824
SF_M-Class,19,Conjunction,3,238,4.9337,4824
SF_M-Class,19,Opposition,3,170,3.524,4824
SF_M-Class,19,Conjunction,4,44,0.9121,4824
SF_M-Class,19,Opposition,4,55,1.1401,4824
SF_M-Class,19,Conjunction,5,1,0.0207,4824
SF_M-Class,19,Opposition,5,3,0.0622,4824
SF_M-Class,19,Conjunction,6,0,0.0,4824
SF_M-Class,19,Opposition,6,0,0.0,4824
SF_M-Class,19,Conjunction,7,0,0.0,4824
SF_M-Class,19,Opposition,7,0,0.0,4824
SF_M-Class,20,Conjunction,0,2350,48.7148,4824
SF_M-Class,20,Opposition,0,2268,47.0149,4824
SF_M-Class,20,Conjunction,1,1500,31.0945,4824
SF_M-Class,20,Opposition,1,1679,34.8051,4824
SF_M-Class,20,Conjunction,2,645,13.3706,4824
SF_M-Class,20,Opposition,2,619,12.8317,4824
SF_M-Class,20,Conjunction,3,278,5.7629,4824
SF_M-Class,20,Opposition,3,194,4.0216,4824
SF_M-Class,20,Conjunction,4,49,1.0158,4824
SF_M-Class,20,Opposition,4,60,1.2438,4824
SF_M-Class,20,Conjunction,5,2,0.0415,4824
SF_M-Class,20,Opposition,5,4,0.0829,4824
SF_M-Class,20,Conjunction,6,0,0.0,4824
SF_M-Class,20,Opposition,6,0,0.0,4824
SF_M-Class,20,Conjunction,7,0,0.0,4824
SF_M-Class,20,Opposition,7,0,0.0,4824
SF_M-Class,21,Conjunction,0,2259,46.8284,4824
SF_M-Class,21,Opposition,0,2200,45.6053,4824
SF_M-Class,21,Conjunction,1,1514,31.3847,4824
SF_M-Class,21,Opposition,1,1689,35.0124,4824
SF_M-Class,21,Conjunction,2,680,14.0962,4824
SF_M-Class,21,Opposition,2,640,13.267,4824
SF_M-Class,21,Conjunction,3,307,6.364,4824
SF_M-Class,21,Opposition,3,223,4.6227,4824
SF_M-Class,21,Conjunction,4,62,1.2852,4824
SF_M-Class,21,Opposition,4,67,1.3889,4824
SF_M-Class,21,Conjunction,5,2,0.0415,4824
SF_M-Class,21,Opposition,5,5,0.1036,4824
SF_M-Class,21,Conjunction,6,0,0.0,4824
SF_M-Class,21,Opposition,6,0,0.0,4824
SF_M-Class,21,Conjunction,7,0,0.0,4824
SF_M-Class,21,Opposition,7,0,0.0,4824
SF_M-Class,22,Conjunction,0,2182,45.2322,4824
SF_M-Class,22,Opposition,0,2138,44.3201,4824
SF_M-Class,22,Conjunction,1,1519,31.4884,4824
SF_M-Class,22,Opposition,1,1677,34.7637,4824
SF_M-Class,22,Conjunction,2,717,14.8632,4824
SF_M-Class,22,Opposition,2,689,14.2828,4824
SF_M-Class,22,Conjunction,3,334,6.9237,4824
SF_M-Class,22,Opposition,3,243,5.0373,4824
SF_M-Class,22,Conjunction,4,66,1.3682,4824
SF_M-Class,22,Opposition,4,72,1.4925,4824
SF_M-Class,22,Conjunction,5,6,0.1244,4824
SF_M-Class,22,Opposition,5,5,0.1036,4824
SF_M-Class,22,Conjunction,6,0,0.0,4824
SF_M-Class,22,Opposition,6,0,0.0,4824
SF_M-Class,22,Conjunction,7,0,0.0,4824
SF_M-Class,22,Opposition,7,0,0.0,4824
SF_M-Class,23,Conjunction,0,2108,43.6982,4824
SF_M-Class,23,Opposition,0,2058,42.6617,4824
SF_M-Class,23,Conjunction,1,1520,31.5091,4824
SF_M-Class,23,Opposition,1,1688,34.9917,4824
SF_M-Class,23,Conjunction,2,754,15.6302,4824
SF_M-Class,23,Opposition,2,718,14.8839,4824
SF_M-Class,23,Conjunction,3,351,7.2761,4824
SF_M-Class,23,Opposition,3,277,5.7421,4824
SF_M-Class,23,Conjunction,4,82,1.6998,4824
SF_M-Class,23,Opposition,4,75,1.5547,4824
SF_M-Class,23,Conjunction,5,8,0.1658,4824
SF_M-Class,23,Opposition,5,8,0.1658,4824
SF_M-Class,23,Conjunction,6,1,0.0207,4824
SF_M-Class,23,Opposition,6,0,0.0,4824
SF_M-Class,23,Conjunction,7,0,0.0,4824
SF_M-Class,23,Opposition,7,0,0.0,4824
SF_M-Class,24,Conjunction,0,2047,42.4337,4824
SF_M-Class,24,Opposition,0,1975,40.9411,4824
SF_M-Class,24,Conjunction,1,1511,31.3226,4824
SF_M-Class,24,Opposition,1,1710,35.4478,4824
SF_M-Class,24,Conjunction,2,788,16.335,4824
SF_M-Class,24,Opposition,2,750,15.5473,4824
SF_M-Class,24,Conjunction,3,377,7.8151,4824
SF_M-Class,24,Opposition,3,295,6.1153,4824
SF_M-Class,24,Conjunction,4,88,1.8242,4824
SF_M-Class,24,Opposition,4,82,1.6998,4824
SF_M-Class,24,Conjunction,5,11,0.228,4824
SF_M-Class,24,Opposition,5,12,0.2488,4824
SF_M-Class,24,Conjunction,6,2,0.0415,4824
SF_M-Class,24,Opposition,6,0,0.0,4824
SF_M-Class,24,Conjunction,7,0,0.0,4824
SF_M-Class,24,Opposition,7,0,0.0,4824
SF_M-Class,25,Conjunction,0,1967,40.7753,4824
SF_M-Class,25,Opposition,0,1898,39.3449,4824
SF_M-Class,25,Conjunction,1,1515,31.4055,4824
SF_M-Class,25,Opposition,1,1720,35.6551,4824
SF_M-Class,25,Conjunction,2,833,17.2678,4824
SF_M-Class,25,Opposition,2,789,16.3557,4824
SF_M-Class,25,Conjunction,3,388,8.0431,4824
SF_M-Class,25,Opposition,3,309,6.4055,4824
SF_M-Class,25,Conjunction,4,103,2.1352,4824
SF_M-Class,25,Opposition,4,94,1.9486,4824
SF_M-Class,25,Conjunction,5,16,0.3317,4824
SF_M-Class,25,Opposition,5,14,0.2902,4824
SF_M-Class,25,Conjunction,6,2,0.0415,4824
SF_M-Class,25,Opposition,6,0,0.0,4824
SF_M-Class,25,Conjunction,7,0,0.0,4824
SF_M-Class,25,Opposition,7,0,0.0,4824
SF_M-Class,26,Conjunction,0,1901,39.4071,4824
SF_M-Class,26,Opposition,0,1830,37.9353,4824
SF_M-Class,26,Conjunction,1,1519,31.4884,4824
SF_M-Class,26,Opposition,1,1717,35.5929,4824
SF_M-Class,26,Conjunction,2,864,17.9104,4824
SF_M-Class,26,Opposition,2,832,17.2471,4824
SF_M-Class,26,Conjunction,3,397,8.2297,4824
SF_M-Class,26,Opposition,3,319,6.6128,4824
SF_M-Class,26,Conjunction,4,120,2.4876,4824
SF_M-Class,26,Opposition,4,104,2.1559,4824
SF_M-Class,26,Conjunction,5,21,0.4353,4824
SF_M-Class,26,Opposition,5,22,0.4561,4824
SF_M-Class,26,Conjunction,6,2,0.0415,4824
SF_M-Class,26,Opposition,6,0,0.0,4824
SF_M-Class,26,Conjunction,7,0,0.0,4824
SF_M-Class,26,Opposition,7,0,0.0,4824
SF_M-Class,27,Conjunction,0,1846,38.267,4824
SF_M-Class,27,Opposition,0,1774,36.7745,4824
SF_M-Class,27,Conjunction,1,1515,31.4055,4824
SF_M-Class,27,Opposition,1,1715,35.5514,4824
SF_M-Class,27,Conjunction,2,877,18.1799,4824
SF_M-Class,27,Opposition,2,851,17.641,4824
SF_M-Class,27,Conjunction,3,428,8.8723,4824
SF_M-Class,27,Opposition,3,352,7.2968,4824
SF_M-Class,27,Conjunction,4,127,2.6327,4824
SF_M-Class,27,Opposition,4,108,2.2388,4824
SF_M-Class,27,Conjunction,5,29,0.6012,4824
SF_M-Class,27,Opposition,5,24,0.4975,4824
SF_M-Class,27,Conjunction,6,2,0.0415,4824
SF_M-Class,27,Opposition,6,0,0.0,4824
SF_M-Class,27,Conjunction,7,0,0.0,4824
SF_M-Class,27,Opposition,7,0,0.0,4824
SF_M-Class,28,Conjunction,0,1776,36.8159,4824
SF_M-Class,28,Opposition,0,1705,35.3441,4824
SF_M-Class,28,Conjunction,1,1517,31.4469,4824
SF_M-Class,28,Opposition,1,1690,35.0332,4824
SF_M-Class,28,Conjunction,2,902,18.6982,4824
SF_M-Class,28,Opposition,2,917,19.0091,4824
SF_M-Class,28,Conjunction,3,458,9.4942,4824
SF_M-Class,28,Opposition,3,372,7.7114,4824
SF_M-Class,28,Conjunction,4,136,2.8192,4824
SF_M-Class,28,Opposition,4,113,2.3425,4824
SF_M-Class,28,Conjunction,5,31,0.6426,4824
SF_M-Class,28,Opposition,5,27,0.5597,4824
SF_M-Class,28,Conjunction,6,4,0.0829,4824
SF_M-Class,28,Opposition,6,0,0.0,4824
SF_M-Class,28,Conjunction,7,0,0.0,4824
SF_M-Class,28,Opposition,7,0,0.0,4824
SF_M-Class,29,Conjunction,0,1710,35.4478,4824
SF_M-Class,29,Opposition,0,1652,34.2454,4824
SF_M-Class,29,Conjunction,1,1509,31.2811,4824
SF_M-Class,29,Opposition,1,1658,34.3698,4824
SF_M-Class,29,Conjunction,2,929,19.2579,4824
SF_M-Class,29,Opposition,2,954,19.7761,4824
SF_M-Class,29,Conjunction,3,482,9.9917,4824
SF_M-Class,29,Opposition,3,408,8.4577,4824
SF_M-Class,29,Conjunction,4,155,3.2131,4824
SF_M-Class,29,Opposition,4,124,2.5705,4824
SF_M-Class,29,Conjunction,5,33,0.6841,4824
SF_M-Class,29,Opposition,5,28,0.5804,4824
SF_M-Class,29,Conjunction,6,6,0.1244,4824
SF_M-Class,29,Opposition,6,0,0.0,4824
SF_M-Class,29,Conjunction,7,0,0.0,4824
SF_M-Class,29,Opposition,7,0,0.0,4824
SF_M-Class,30,Conjunction,0,1662,34.4527,4824
SF_M-Class,30,Opposition,0,1592,33.0017,4824
SF_M-Class,30,Conjunction,1,1496,31.0116,4824
SF_M-Class,30,Opposition,1,1651,34.2247,4824
SF_M-Class,30,Conjunction,2,943,19.5481,4824
SF_M-Class,30,Opposition,2,976,20.2322,4824
SF_M-Class,30,Conjunction,3,517,10.7172,4824
SF_M-Class,30,Opposition,3,438,9.0796,4824
SF_M-Class,30,Conjunction,4,164,3.3997,4824
SF_M-Class,30,Opposition,4,136,2.8192,4824
SF_M-Class,30,Conjunction,5,35,0.7255,4824
SF_M-Class,30,Opposition,5,31,0.6426,4824
SF_M-Class,30,Conjunction,6,7,0.1451,4824
SF_M-Class,30,Opposition,6,0,0.0,4824
SF_M-Class,30,Conjunction,7,0,0.0,4824
SF_M-Class,30,Opposition,7,0,0.0,4824
SF_X-Class,1,Conjunction,0,412,96.0373,429
SF_X-Class,1,Opposition,0,412,96.0373,429
SF_X-Class,1,Conjunction,1,17,3.9627,429
SF_X-Class,1,Opposition,1,17,3.9627,429
SF_X-Class,1,Conjunction,2,0,0.0,429
SF_X-Class,1,Opposition,2,0,0.0,429
SF_X-Class,1,Conjunction,3,0,0.0,429
SF_X-Class,1,Opposition,3,0,0.0,429
SF_X-Class,1,Conjunction,4,0,0.0,429
SF_X-Class,1,Opposition,4,0,0.0,429
SF_X-Class,1,Conjunction,5,0,0.0,429
SF_X-Class,1,Opposition,5,0,0.0,429
SF_X-Class,1,Conjunction,6,0,0.0,429
SF_X-Class,1,Opposition,6,0,0.0,429
SF_X-Class,1,Conjunction,7,0,0.0,429
SF_X-Class,1,Opposition,7,0,0.0,429
SF_X-Class,2,Conjunction,0,393,91.6084,429
SF_X-Class,2,Opposition,0,404,94.1725,429
SF_X-Class,2,Conjunction,1,36,8.3916,429
SF_X-Class,2,Opposition,1,25,5.8275,429
SF_X-Class,2,Conjunction,2,0,0.0,429
SF_X-Class,2,Opposition,2,0,0.0,429
SF_X-Class,2,Conjunction,3,0,0.0,429
SF_X-Class,2,Opposition,3,0,0.0,429
SF_X-Class,2,Conjunction,4,0,0.0,429
SF_X-Class,2,Opposition,4,0,0.0,429
SF_X-Class,2,Conjunction,5,0,0.0,429
SF_X-Class,2,Opposition,5,0,0.0,429
SF_X-Class,2,Conjunction,6,0,0.0,429
SF_X-Class,2,Opposition,6,0,0.0,429
SF_X-Class,2,Conjunction,7,0,0.0,429
SF_X-Class,2,Opposition,7,0,0.0,429
SF_X-Class,3,Conjunction,0,376,87.6457,429
SF_X-Class,3,Opposition,0,388,90.4429,429
SF_X-Class,3,Conjunction,1,52,12.1212,429
SF_X-Class,3,Opposition,1,34,7.9254,429
SF_X-Class,3,Conjunction,2,1,0.2331,429
SF_X-Class,3,Opposition,2,7,1.6317,429
SF_X-Class,3,Conjunction,3,0,0.0,429
SF_X-Class,3,Opposition,3,0,0.0,429
SF_X-Class,3,Conjunction,4,0,0.0,429
SF_X-Class,3,Opposition,4,0,0.0,429
SF_X-Class,3,Conjunction,5,0,0.0,429
SF_X-Class,3,Opposition,5,0,0.0,429
SF_X-Class,3,Conjunction,6,0,0.0,429
SF_X-Class,3,Opposition,6,0,0.0,429
SF_X-Class,3,Conjunction,7,0,0.0,429
SF_X-Class,3,Opposition,7,0,0.0,429
SF_X-Class,4,Conjunction,0,363,84.6154,429
SF_X-Class,4,Opposition,0,371,86.4802,429
SF_X-Class,4,Conjunction,1,64,14.9184,429
SF_X-Class,4,Opposition,1,48,11.1888,429
SF_X-Class,4,Conjunction,2,2,0.4662,429
SF_X-Class,4,Opposition,2,10,2.331,429
SF_X-Class,4,Conjunction,3,0,0.0,429
SF_X-Class,4,Opposition,3,0,0.0,429
SF_X-Class,4,Conjunction,4,0,0.0,429
SF_X-Class,4,Opposition,4,0,0.0,429
SF_X-Class,4,Conjunction,5,0,0.0,429
SF_X-Class,4,Opposition,5,0,0.0,429
SF_X-Class,4,Conjunction,6,0,0.0,429
SF_X-Class,4,Opposition,6,0,0.0,429
SF_X-Class,4,Conjunction,7,0,0.0,429
SF_X-Class,4,Opposition,7,0,0.0,429
SF_X-Class,5,Conjunction,0,348,81.1189,429
SF_X-Class,5,Opposition,0,357,83.2168,429
SF_X-Class,5,Conjunction,1,77,17.9487,429
SF_X-Class,5,Opposition,1,61,14.2191,429
SF_X-Class,5,Conjunction,2,4,0.9324,429
SF_X-Class,5,Opposition,2,11,2.5641,429
SF_X-Class,5,Conjunction,3,0,0.0,429
SF_X-Class,5,Opposition,3,0,0.0,429
SF_X-Class,5,Conjunction,4,0,0.0,429
SF_X-Class,5,Opposition,4,0,0.0,429
SF_X-Class,5,Conjunction,5,0,0.0,429
SF_X-Class,5,Opposition,5,0,0.0,429
SF_X-Class,5,Conjunction,6,0,0.0,429
SF_X-Class,5,Opposition,6,0,0.0,429
SF_X-Class,5,Conjunction,7,0,0.0,429
SF_X-Class,5,Opposition,7,0,0.0,429
SF_X-Class,6,Conjunction,0,333,77.6224,429
SF_X-Class,6,Opposition,0,343,79.9534,429
SF_X-Class,6,Conjunction,1,88,20.5128,429
SF_X-Class,6,Opposition,1,72,16.7832,429
SF_X-Class,6,Conjunction,2,8,1.8648,429
SF_X-Class,6,Opposition,2,12,2.7972,429
SF_X-Class,6,Conjunction,3,0,0.0,429
SF_X-Class,6,Opposition,3,1,0.2331,429
SF_X-Class,6,Conjunction,4,0,0.0,429
SF_X-Class,6,Opposition,4,1,0.2331,429
SF_X-Class,6,Conjunction,5,0,0.0,429
SF_X-Class,6,Opposition,5,0,0.0,429
SF_X-Class,6,Conjunction,6,0,0.0,429
SF_X-Class,6,Opposition,6,0,0.0,429
SF_X-Class,6,Conjunction,7,0,0.0,429
SF_X-Class,6,Opposition,7,0,0.0,429
SF_X-Class,7,Conjunction,0,321,74.8252,429
SF_X-Class,7,Opposition,0,333,77.6224,429
SF_X-Class,7,Conjunction,1,97,22.6107,429
SF_X-Class,7,Opposition,1,75,17.4825,429
SF_X-Class,7,Conjunction,2,11,2.5641,429
SF_X-Class,7,Opposition,2,17,3.9627,429
SF_X-Class,7,Conjunction,3,0,0.0,429
SF_X-Class,7,Opposition,3,3,0.6993,429
SF_X-Class,7,Conjunction,4,0,0.0,429
SF_X-Class,7,Opposition,4,1,0.2331,429
SF_X-Class,7,Conjunction,5,0,0.0,429
SF_X-Class,7,Opposition,5,0,0.0,429
SF_X-Class,7,Conjunction,6,0,0.0,429
SF_X-Class,7,Opposition,6,0,0.0,429
SF_X-Class,7,Conjunction,7,0,0.0,429
SF_X-Class,7,Opposition,7,0,0.0,429
SF_X-Class,8,Conjunction,0,307,71.5618,429
SF_X-Class,8,Opposition,0,326,75.9907,429
SF_X-Class,8,Conjunction,1,107,24.9417,429
SF_X-Class,8,Opposition,1,81,18.8811,429
SF_X-Class,8,Conjunction,2,14,3.2634,429
SF_X-Class,8,Opposition,2,16,3.7296,429
SF_X-Class,8,Conjunction,3,1,0.2331,429
SF_X-Class,8,Opposition,3,5,1.1655,429
SF_X-Class,8,Conjunction,4,0,0.0,429
SF_X-Class,8,Opposition,4,1,0.2331,429
SF_X-Class,8,Conjunction,5,0,0.0,429
SF_X-Class,8,Opposition,5,0,0.0,429
SF_X-Class,8,Conjunction,6,0,0.0,429
SF_X-Class,8,Opposition,6,0,0.0,429
SF_X-Class,8,Conjunction,7,0,0.0,429
SF_X-Class,8,Opposition,7,0,0.0,429
SF_X-Class,9,Conjunction,0,300,69.9301,429
SF_X-Class,9,Opposition,0,320,74.5921,429
SF_X-Class,9,Conjunction,1,110,25.641,429
SF_X-Class,9,Opposition,1,83,19.3473,429
SF_X-Class,9,Conjunction,2,18,4.1958,429
SF_X-Class,9,Opposition,2,20,4.662,429
SF_X-Class,9,Conjunction,3,1,0.2331,429
SF_X-Class,9,Opposition,3,4,0.9324,429
SF_X-Class,9,Conjunction,4,0,0.0,429
SF_X-Class,9,Opposition,4,2,0.4662,429
SF_X-Class,9,Conjunction,5,0,0.0,429
SF_X-Class,9,Opposition,5,0,0.0,429
SF_X-Class,9,Conjunction,6,0,0.0,429
SF_X-Class,9,Opposition,6,0,0.0,429
SF_X-Class,9,Conjunction,7,0,0.0,429
SF_X-Class,9,Opposition,7,0,0.0,429
SF_X-Class,10,Conjunction,0,291,67.8322,429
SF_X-Class,10,Opposition,0,308,71.7949,429
SF_X-Class,10,Conjunction,1,115,26.8065,429
SF_X-Class,10,Opposition,1,92,21.4452,429
SF_X-Class,10,Conjunction,2,21,4.8951,429
SF_X-Class,10,Opposition,2,22,5.1282,429
SF_X-Class,10,Conjunction,3,1,0.2331,429
SF_X-Class,10,Opposition,3,5,1.1655,429
SF_X-Class,10,Conjunction,4,1,0.2331,429
SF_X-Class,10,Opposition,4,2,0.4662,429
SF_X-Class,10,Conjunction,5,0,0.0,429
SF_X-Class,10,Opposition,5,0,0.0,429
SF_X-Class,10,Conjunction,6,0,0.0,429
SF_X-Class,10,Opposition,6,0,0.0,429
SF_X-Class,10,Conjunction,7,0,0.0,429
SF_X-Class,10,Opposition,7,0,0.0,429
SF_X-Class,11,Conjunction,0,278,64.8019,429
SF_X-Class,11,Opposition,0,293,68.2984,429
SF_X-Class,11,Conjunction,1,126,29.3706,429
SF_X-Class,11,Opposition,1,101,23.5431,429
SF_X-Class,11,Conjunction,2,19,4.4289,429
SF_X-Class,11,Opposition,2,28,6.5268,429
SF_X-Class,11,Conjunction,3,5,1.1655,429
SF_X-Class,11,Opposition,3,4,0.9324,429
SF_X-Class,11,Conjunction,4,1,0.2331,429
SF_X-Class,11,Opposition,4,3,0.6993,429
SF_X-Class,11,Conjunction,5,0,0.0,429
SF_X-Class,11,Opposition,5,0,0.0,429
SF_X-Class,11,Conjunction,6,0,0.0,429
SF_X-Class,11,Opposition,6,0,0.0,429
SF_X-Class,11,Conjunction,7,0,0.0,429
SF_X-Class,11,Opposition,7,0,0.0,429
SF_X-Class,12,Conjunction,0,271,63.1702,429
SF_X-Class,12,Opposition,0,283,65.9674,429
SF_X-Class,12,Conjunction,1,126,29.3706,429
SF_X-Class,12,Opposition,1,108,25.1748,429
SF_X-Class,12,Conjunction,2,24,5.5944,429
SF_X-Class,12,Opposition,2,29,6.7599,429
SF_X-Class,12,Conjunction,3,6,1.3986,429
SF_X-Class,12,Opposition,3,6,1.3986,429
SF_X-Class,12,Conjunction,4,2,0.4662,429
SF_X-Class,12,Opposition,4,3,0.6993,429
SF_X-Class,12,Conjunction,5,0,0.0,429
SF_X-Class,12,Opposition,5,0,0.0,429
SF_X-Class,12,Conjunction,6,0,0.0,429
SF_X-Class,12,Opposition,6,0,0.0,429
SF_X-Class,12,Conjunction,7,0,0.0,429
SF_X-Class,12,Opposition,7,0,0.0,429
SF_X-Class,13,Conjunction,0,259,60.373,429
SF_X-Class,13,Opposition,0,271,63.1702,429
SF_X-Class,13,Conjunction,1,134,31.2354,429
SF_X-Class,13,Opposition,1,116,27.0396,429
SF_X-Class,13,Conjunction,2,28,6.5268,429
SF_X-Class,13,Opposition,2,31,7.2261,429
SF_X-Class,13,Conjunction,3,5,1.1655,429
SF_X-Class,13,Opposition,3,7,1.6317,429
SF_X-Class,13,Conjunction,4,3,0.6993,429
SF_X-Class,13,Opposition,4,4,0.9324,429
SF_X-Class,13,Conjunction,5,0,0.0,429
SF_X-Class,13,Opposition,5,0,0.0,429
SF_X-Class,13,Conjunction,6,0,0.0,429
SF_X-Class,13,Opposition,6,0,0.0,429
SF_X-Class,13,Conjunction,7,0,0.0,429
SF_X-Class,13,Opposition,7,0,0.0,429
SF_X-Class,14,Conjunction,0,248,57.8089,429
SF_X-Class,14,Opposition,0,268,62.4709,429
SF_X-Class,14,Conjunction,1,139,32.4009,429
SF_X-Class,14,Opposition,1,115,26.8065,429
SF_X-Class,14,Conjunction,2,32,7.4592,429
SF_X-Class,14,Opposition,2,35,8.1585,429
SF_X-Class,14,Conjunction,3,7,1.6317,429
SF_X-Class,14,Opposition,3,7,1.6317,429
SF_X-Class,14,Conjunction,4,3,0.6993,429
SF_X-Class,14,Opposition,4,4,0.9324,429
SF_X-Class,14,Conjunction,5,0,0.0,429
SF_X-Class,14,Opposition,5,0,0.0,429
SF_X-Class,14,Conjunction,6,0,0.0,429
SF_X-Class,14,Opposition,6,0,0.0,429
SF_X-Class,14,Conjunction,7,0,0.0,429
SF_X-Class,14,Opposition,7,0,0.0,429
SF_X-Class,15,Conjunction,0,240,55.9441,429
SF_X-Class,15,Opposition,0,264,61.5385,429
SF_X-Class,15,Conjunction,1,143,33.3333,429
SF_X-Class,15,Opposition,1,108,25.1748,429
SF_X-Class,15,Conjunction,2,36,8.3916,429
SF_X-Class,15,Opposition,2,43,10.0233,429
SF_X-Class,15,Conjunction,3,6,1.3986,429
SF_X-Class,15,Opposition,3,10,2.331,429
SF_X-Class,15,Conjunction,4,4,0.9324,429
SF_X-Class,15,Opposition,4,4,0.9324,429
SF_X-Class,15,Conjunction,5,0,0.0,429
SF_X-Class,15,Opposition,5,0,0.0,429
SF_X-Class,15,Conjunction,6,0,0.0,429
SF_X-Class,15,Opposition,6,0,0.0,429
SF_X-Class,15,Conjunction,7,0,0.0,429
SF_X-Class,15,Opposition,7,0,0.0,429
SF_X-Class,16,Conjunction,0,234,54.5455,429
SF_X-Class,16,Opposition,0,257,59.9068,429
SF_X-Class,16,Conjunction,1,144,33.5664,429
SF_X-Class,16,Opposition,1,112,26.1072,429
SF_X-Class,16,Conjunction,2,41,9.5571,429
SF_X-Class,16,Opposition,2,43,10.0233,429
SF_X-Class,16,Conjunction,3,6,1.3986,429
SF_X-Class,16,Opposition,3,13,3.0303,429
SF_X-Class,16,Conjunction,4,3,0.6993,429
SF_X-Class,16,Opposition,4,4,0.9324,429
SF_X-Class,16,Conjunction,5,1,0.2331,429
SF_X-Class,16,Opposition,5,0,0.0,429
SF_X-Class,16,Conjunction,6,0,0.0,429
SF_X-Class,16,Opposition,6,0,0.0,429
SF_X-Class,16,Conjunction,7,0,0.0,429
SF_X-Class,16,Opposition,7,0,0.0,429
SF_X-Class,17,Conjunction,0,224,52.2145,429
SF_X-Class,17,Opposition,0,245,57.1096,429
SF_X-Class,17,Conjunction,1,147,34.2657,429
SF_X-Class,17,Opposition,1,119,27.7389,429
SF_X-Class,17,Conjunction,2,47,10.9557,429
SF_X-Class,17,Opposition,2,46,10.7226,429
SF_X-Class,17,Conjunction,3,7,1.6317,429
SF_X-Class,17,Opposition,3,15,3.4965,429
SF_X-Class,17,Conjunction,4,3,0.6993,429
SF_X-Class,17,Opposition,4,4,0.9324,429
SF_X-Class,17,Conjunction,5,1,0.2331,429
SF_X-Class,17,Opposition,5,0,0.0,429
SF_X-Class,17,Conjunction,6,0,0.0,429
SF_X-Class,17,Opposition,6,0,0.0,429
SF_X-Class,17,Conjunction,7,0,0.0,429
SF_X-Class,17,Opposition,7,0,0.0,429
SF_X-Class,18,Conjunction,0,218,50.8159,429
SF_X-Class,18,Opposition,0,239,55.711,429
SF_X-Class,18,Conjunction,1,152,35.4312,429
SF_X-Class,18,Opposition,1,119,27.7389,429
SF_X-Class,18,Conjunction,2,44,10.2564,429
SF_X-Class,18,Opposition,2,49,11.4219,429
SF_X-Class,18,Conjunction,3,11,2.5641,429
SF_X-Class,18,Opposition,3,17,3.9627,429
SF_X-Class,18,Conjunction,4,3,0.6993,429
SF_X-Class,18,Opposition,4,5,1.1655,429
SF_X-Class,18,Conjunction,5,1,0.2331,429
SF_X-Class,18,Opposition,5,0,0.0,429
SF_X-Class,18,Conjunction,6,0,0.0,429
SF_X-Class,18,Opposition,6,0,0.0,429
SF_X-Class,18,Conjunction,7,0,0.0,429
SF_X-Class,18,Opposition,7,0,0.0,429
SF_X-Class,19,Conjunction,0,210,48.951,429
SF_X-Class,19,Opposition,0,229,53.38,429
SF_X-Class,19,Conjunction,1,154,35.8974,429
SF_X-Class,19,Opposition,1,127,29.6037,429
SF_X-Class,19,Conjunction,2,48,11.1888,429
SF_X-Class,19,Opposition,2,50,11.655,429
SF_X-Class,19,Conjunction,3,13,3.0303,429
SF_X-Class,19,Opposition,3,18,4.1958,429
SF_X-Class,19,Conjunction,4,3,0.6993,429
SF_X-Class,19,Opposition,4,5,1.1655,429
SF_X-Class,19,Conjunction,5,1,0.2331,429
SF_X-Class,19,Opposition,5,0,0.0,429
SF_X-Class,19,Conjunction,6,0,0.0,429
SF_X-Class,19,Opposition,6,0,0.0,429
SF_X-Class,19,Conjunction,7,0,0.0,429
SF_X-Class,19,Opposition,7,0,0.0,429
SF_X-Class,20,Conjunction,0,202,47.0862,429
SF_X-Class,20,Opposition,0,224,52.2145,429
SF_X-Class,20,Conjunction,1,156,36.3636,429
SF_X-Class,20,Opposition,1,130,30.303,429
SF_X-Class,20,Conjunction,2,54,12.5874,429
SF_X-Class,20,Opposition,2,51,11.8881,429
SF_X-Class,20,Conjunction,3,13,3.0303,429
SF_X-Class,20,Opposition,3,17,3.9627,429
SF_X-Class,20,Conjunction,4,3,0.6993,429
SF_X-Class,20,Opposition,4,7,1.6317,429
SF_X-Class,20,Conjunction,5,1,0.2331,429
SF_X-Class,20,Opposition,5,0,0.0,429
SF_X-Class,20,Conjunction,6,0,0.0,429
SF_X-Class,20,Opposition,6,0,0.0,429
SF_X-Class,20,Conjunction,7,0,0.0,429
SF_X-Class,20,Opposition,7,0,0.0,429
SF_X-Class,21,Conjunction,0,196,45.6876,429
SF_X-Class,21,Opposition,0,219,51.049,429
SF_X-Class,21,Conjunction,1,153,35.6643,429
SF_X-Class,21,Opposition,1,128,29.8368,429
SF_X-Class,21,Conjunction,2,62,14.4522,429
SF_X-Class,21,Opposition,2,56,13.0536,429
SF_X-Class,21,Conjunction,3,13,3.0303,429
SF_X-Class,21,Opposition,3,19,4.4289,429
SF_X-Class,21,Conjunction,4,4,0.9324,429
SF_X-Class,21,Opposition,4,7,1.6317,429
SF_X-Class,21,Conjunction,5,1,0.2331,429
SF_X-Class,21,Opposition,5,0,0.0,429
SF_X-Class,21,Conjunction,6,0,0.0,429
SF_X-Class,21,Opposition,6,0,0.0,429
SF_X-Class,21,Conjunction,7,0,0.0,429
SF_X-Class,21,Opposition,7,0,0.0,429
SF_X-Class,22,Conjunction,0,191,44.5221,429
SF_X-Class,22,Opposition,0,212,49.4172,429
SF_X-Class,22,Conjunction,1,150,34.965,429
SF_X-Class,22,Opposition,1,129,30.0699,429
SF_X-Class,22,Conjunction,2,65,15.1515,429
SF_X-Class,22,Opposition,2,60,13.986,429
SF_X-Class,22,Conjunction,3,18,4.1958,429
SF_X-Class,22,Opposition,3,20,4.662,429
SF_X-Class,22,Conjunction,4,4,0.9324,429
SF_X-Class,22,Opposition,4,8,1.8648,429
SF_X-Class,22,Conjunction,5,1,0.2331,429
SF_X-Class,22,Opposition,5,0,0.0,429
SF_X-Class,22,Conjunction,6,0,0.0,429
SF_X-Class,22,Opposition,6,0,0.0,429
SF_X-Class,22,Conjunction,7,0,0.0,429
SF_X-Class,22,Opposition,7,0,0.0,429
SF_X-Class,23,Conjunction,0,186,43.3566,429
SF_X-Class,23,Opposition,0,208,48.4848,429
SF_X-Class,23,Conjunction,1,150,34.965,429
SF_X-Class,23,Opposition,1,130,30.303,429
SF_X-Class,23,Conjunction,2,67,15.6177,429
SF_X-Class,23,Opposition,2,59,13.7529,429
SF_X-Class,23,Conjunction,3,21,4.8951,429
SF_X-Class,23,Opposition,3,22,5.1282,429
SF_X-Class,23,Conjunction,4,4,0.9324,429
SF_X-Class,23,Opposition,4,10,2.331,429
SF_X-Class,23,Conjunction,5,1,0.2331,429
SF_X-Class,23,Opposition,5,0,0.0,429
SF_X-Class,23,Conjunction,6,0,0.0,429
SF_X-Class,23,Opposition,6,0,0.0,429
SF_X-Class,23,Conjunction,7,0,0.0,429
SF_X-Class,23,Opposition,7,0,0.0,429
SF_X-Class,24,Conjunction,0,179,41.7249,429
SF_X-Class,24,Opposition,0,198,46.1538,429
SF_X-Class,24,Conjunction,1,150,34.965,429
SF_X-Class,24,Opposition,1,131,30.5361,429
SF_X-Class,24,Conjunction,2,71,16.5501,429
SF_X-Class,24,Opposition,2,65,15.1515,429
SF_X-Class,24,Conjunction,3,24,5.5944,429
SF_X-Class,24,Opposition,3,23,5.3613,429
SF_X-Class,24,Conjunction,4,4,0.9324,429
SF_X-Class,24,Opposition,4,12,2.7972,429
SF_X-Class,24,Conjunction,5,1,0.2331,429
SF_X-Class,24,Opposition,5,0,0.0,429
SF_X-Class,24,Conjunction,6,0,0.0,429
SF_X-Class,24,Opposition,6,0,0.0,429
SF_X-Class,24,Conjunction,7,0,0.0,429
SF_X-Class,24,Opposition,7,0,0.0,429
SF_X-Class,25,Conjunction,0,175,40.7925,429
SF_X-Class,25,Opposition,0,192,44.7552,429
SF_X-Class,25,Conjunction,1,151,35.1981,429
SF_X-Class,25,Opposition,1,133,31.0023,429
SF_X-Class,25,Conjunction,2,71,16.5501,429
SF_X-Class,25,Opposition,2,68,15.8508,429
SF_X-Class,25,Conjunction,3,24,5.5944,429
SF_X-Class,25,Opposition,3,24,5.5944,429
SF_X-Class,25,Conjunction,4,7,1.6317,429
SF_X-Class,25,Opposition,4,11,2.5641,429
SF_X-Class,25,Conjunction,5,1,0.2331,429
SF_X-Class,25,Opposition,5,1,0.2331,429
SF_X-Class,25,Conjunction,6,0,0.0,429
SF_X-Class,25,Opposition,6,0,0.0,429
SF_X-Class,25,Conjunction,7,0,0.0,429
SF_X-Class,25,Opposition,7,0,0.0,429
SF_X-Class,26,Conjunction,0,171,39.8601,429
SF_X-Class,26,Opposition,0,181,42.1911,429
SF_X-Class,26,Conjunction,1,148,34.4988,429
SF_X-Class,26,Opposition,1,137,31.9347,429
SF_X-Class,26,Conjunction,2,75,17.4825,429
SF_X-Class,26,Opposition,2,71,16.5501,429
SF_X-Class,26,Conjunction,3,25,5.8275,429
SF_X-Class,26,Opposition,3,28,6.5268,429
SF_X-Class,26,Conjunction,4,9,2.0979,429
SF_X-Class,26,Opposition,4,11,2.5641,429
SF_X-Class,26,Conjunction,5,1,0.2331,429
SF_X-Class,26,Opposition,5,1,0.2331,429
SF_X-Class,26,Conjunction,6,0,0.0,429
SF_X-Class,26,Opposition,6,0,0.0,429
SF_X-Class,26,Conjunction,7,0,0.0,429
SF_X-Class,26,Opposition,7,0,0.0,429
SF_X-Class,27,Conjunction,0,163,37.9953,429
SF_X-Class,27,Opposition,0,174,40.5594,429
SF_X-Class,27,Conjunction,1,146,34.0326,429
SF_X-Class,27,Opposition,1,139,32.4009,429
SF_X-Class,27,Conjunction,2,82,19.1142,429
SF_X-Class,27,Opposition,2,73,17.0163,429
SF_X-Class,27,Conjunction,3,28,6.5268,429
SF_X-Class,27,Opposition,3,29,6.7599,429
SF_X-Class,27,Conjunction,4,9,2.0979,429
SF_X-Class,27,Opposition,4,13,3.0303,429
SF_X-Class,27,Conjunction,5,1,0.2331,429
SF_X-Class,27,Opposition,5,1,0.2331,429
SF_X-Class,27,Conjunction,6,0,0.0,429
SF_X-Class,27,Opposition,6,0,0.0,429
SF_X-Class,27,Conjunction,7,0,0.0,429
SF_X-Class,27,Opposition,7,0,0.0,429
SF_X-Class,28,Conjunction,0,158,36.8298,429
SF_X-Class,28,Opposition,0,173,40.3263,429
SF_X-Class,28,Conjunction,1,146,34.0326,429
SF_X-Class,28,Opposition,1,135,31.4685,429
SF_X-Class,28,Conjunction,2,84,19.5804,429
SF_X-Class,28,Opposition,2,75,17.4825,429
SF_X-Class,28,Conjunction,3,28,6.5268,429
SF_X-Class,28,Opposition,3,29,6.7599,429
SF_X-Class,28,Conjunction,4,12,2.7972,429
SF_X-Class,28,Opposition,4,16,3.7296,429
SF_X-Class,28,Conjunction,5,1,0.2331,429
SF_X-Class,28,Opposition,5,1,0.2331,429
SF_X-Class,28,Conjunction,6,0,0.0,429
SF_X-Class,28,Opposition,6,0,0.0,429
SF_X-Class,28,Conjunction,7,0,0.0,429
SF_X-Class,28,Opposition,7,0,0.0,429
SF_X-Class,29,Conjunction,0,150,34.965,429
SF_X-Class,29,Opposition,0,168,39.1608,429
SF_X-Class,29,Conjunction,1,141,32.8671,429
SF_X-Class,29,Opposition,1,131,30.5361,429
SF_X-Class,29,Conjunction,2,93,21.6783,429
SF_X-Class,29,Opposition,2,75,17.4825,429
SF_X-Class,29,Conjunction,3,31,7.2261,429
SF_X-Class,29,Opposition,3,37,8.6247,429
SF_X-Class,29,Conjunction,4,13,3.0303,429
SF_X-Class,29,Opposition,4,17,3.9627,429
SF_X-Class,29,Conjunction,5,1,0.2331,429
SF_X-Class,29,Opposition,5,1,0.2331,429
SF_X-Class,29,Conjunction,6,0,0.0,429
SF_X-Class,29,Opposition,6,0,0.0,429
SF_X-Class,29,Conjunction,7,0,0.0,429
SF_X-Class,29,Opposition,7,0,0.0,429
SF_X-Class,30,Conjunction,0,147,34.2657,429
SF_X-Class,30,Opposition,0,164,38.2284,429
SF_X-Class,30,Conjunction,1,141,32.8671,429
SF_X-Class,30,Opposition,1,129,30.0699,429
SF_X-Class,30,Conjunction,2,90,20.979,429
SF_X-Class,30,Opposition,2,76,17.7156,429
SF_X-Class,30,Conjunction,3,34,7.9254,429
SF_X-Class,30,Opposition,3,42,9.7902,429
SF_X-Class,30,Conjunction,4,15,3.4965,429
SF_X-Class,30,Opposition,4,17,3.9627,429
SF_X-Class,30,Conjunction,5,2,0.4662,429
SF_X-Class,30,Opposition,5,1,0.2331,429
SF_X-Class,30,Conjunction,6,0,0.0,429
SF_X-Class,30,Opposition,6,0,0.0,429
SF_X-Class,30,Conjunction,7,0,0.0,429
SF_X-Class,30,Opposition,7,0,0.0,429
